goal,instance,verdict,duration
c2,exp_acyclic_depvary_step10_batch_yyy01.pl,timeout,120000
a5,exp_acyclic_depvary_step10_batch_yyy01.pl,no,502
a1,exp_acyclic_depvary_step10_batch_yyy01.pl,yes,7524
v5,exp_acyclic_depvary_step10_batch_yyy01.pl,yes,1050
f3,exp_acyclic_depvary_step10_batch_yyy02.pl,yes,582
e2,exp_acyclic_depvary_step10_batch_yyy02.pl,yes,574
u2,exp_acyclic_depvary_step10_batch_yyy02.pl,yes,581
c4,exp_acyclic_depvary_step10_batch_yyy02.pl,yes,553
a4,exp_acyclic_depvary_step10_batch_yyy02.pl,yes,548
a2,exp_acyclic_depvary_step10_batch_yyy02.pl,yes,552
a3,exp_acyclic_depvary_step10_batch_yyy02.pl,yes,591
c3,exp_acyclic_depvary_step10_batch_yyy03.pl,timeout,120000
q4,exp_acyclic_depvary_step10_batch_yyy03.pl,yes,548
u1,exp_acyclic_depvary_step10_batch_yyy03.pl,yes,551
v4,exp_acyclic_depvary_step10_batch_yyy03.pl,timeout,120000
x1,exp_acyclic_depvary_step10_batch_yyy03.pl,no,1030
a2,exp_acyclic_depvary_step10_batch_yyy03.pl,timeout,120000
s5,exp_acyclic_depvary_step10_batch_yyy04.pl,yes,1015
f1,exp_acyclic_depvary_step10_batch_yyy04.pl,timeout,120000
d5,exp_acyclic_depvary_step10_batch_yyy04.pl,yes,1697
e5,exp_acyclic_depvary_step10_batch_yyy05.pl,timeout,120000
b4,exp_acyclic_depvary_step10_batch_yyy05.pl,yes,1883
d4,exp_acyclic_depvary_step10_batch_yyy05.pl,timeout,120000
a3,exp_acyclic_depvary_step10_batch_yyy05.pl,no,1974
b6,exp_acyclic_depvary_step10_batch_yyy05.pl,yes,2005
t2,exp_acyclic_depvary_step10_batch_yyy06.pl,timeout,120000
f3,exp_acyclic_depvary_step10_batch_yyy06.pl,no,1962
f5,exp_acyclic_depvary_step10_batch_yyy06.pl,yes,2212
a1,exp_acyclic_depvary_step10_batch_yyy06.pl,no,2128
f5,exp_acyclic_depvary_step10_batch_yyy07.pl,no,2357
d5,exp_acyclic_depvary_step10_batch_yyy07.pl,no,2276
b1,exp_acyclic_depvary_step10_batch_yyy08.pl,yes,2126
q5,exp_acyclic_depvary_step10_batch_yyy08.pl,no,2590
v5,exp_acyclic_depvary_step10_batch_yyy08.pl,timeout,120000
d5,exp_acyclic_depvary_step10_batch_yyy08.pl,yes,2452
e1,exp_acyclic_depvary_step10_batch_yyy09.pl,no,2278
q5,exp_acyclic_depvary_step10_batch_yyy09.pl,timeout,120000
u1,exp_acyclic_depvary_step10_batch_yyy09.pl,yes,2531
f1,exp_acyclic_depvary_step10_batch_yyy09.pl,no,2523
s1,exp_acyclic_depvary_step10_batch_yyy09.pl,timeout,120000
f2,exp_acyclic_depvary_step10_batch_yyy09.pl,no,2337
c3,exp_acyclic_depvary_step10_batch_yyy09.pl,no,2479
d2,exp_acyclic_depvary_step10_batch_yyy10.pl,yes,2429
e1,exp_acyclic_depvary_step10_batch_yyy10.pl,yes,2374
e2,exp_acyclic_depvary_step10_batch_yyy10.pl,no,2155
a5,exp_acyclic_depvary_step10_batch_yyy10.pl,no,2245
c4,exp_acyclic_depvary_step10_batch_yyy10.pl,no,2555
t1,exp_acyclic_depvary_step1_batch_yyy01.pl,yes,2458
e1,exp_acyclic_depvary_step1_batch_yyy02.pl,yes,2365
d1,exp_acyclic_depvary_step1_batch_yyy03.pl,yes,2537
d1,exp_acyclic_depvary_step1_batch_yyy04.pl,no,2332
c1,exp_acyclic_depvary_step1_batch_yyy06.pl,no,2490
b1,exp_acyclic_depvary_step1_batch_yyy06.pl,yes,2481
y1,exp_acyclic_depvary_step1_batch_yyy09.pl,no,2306
d1,exp_acyclic_depvary_step1_batch_yyy09.pl,yes,2474
u1,exp_acyclic_depvary_step1_batch_yyy10.pl,yes,2412
e1,exp_acyclic_depvary_step2_batch_yyy01.pl,yes,2508
d1,exp_acyclic_depvary_step2_batch_yyy01.pl,no,2519
b2,exp_acyclic_depvary_step2_batch_yyy01.pl,no,2529
b1,exp_acyclic_depvary_step2_batch_yyy02.pl,yes,2308
a2,exp_acyclic_depvary_step2_batch_yyy02.pl,no,2472
d1,exp_acyclic_depvary_step2_batch_yyy02.pl,no,2164
a2,exp_acyclic_depvary_step2_batch_yyy06.pl,yes,2208
x1,exp_acyclic_depvary_step2_batch_yyy06.pl,no,2478
r2,exp_acyclic_depvary_step2_batch_yyy07.pl,no,2533
c1,exp_acyclic_depvary_step2_batch_yyy07.pl,yes,2152
e1,exp_acyclic_depvary_step2_batch_yyy08.pl,yes,2644
f1,exp_acyclic_depvary_step2_batch_yyy08.pl,yes,2519
d1,exp_acyclic_depvary_step2_batch_yyy09.pl,yes,2412
a2,exp_acyclic_depvary_step2_batch_yyy10.pl,yes,2404
e1,exp_acyclic_depvary_step2_batch_yyy10.pl,no,2382
a2,exp_acyclic_depvary_step3_batch_yyy01.pl,no,2153
d1,exp_acyclic_depvary_step3_batch_yyy01.pl,yes,2443
y1,exp_acyclic_depvary_step3_batch_yyy02.pl,no,2439
c2,exp_acyclic_depvary_step3_batch_yyy04.pl,no,2798
e2,exp_acyclic_depvary_step3_batch_yyy05.pl,yes,2498
b1,exp_acyclic_depvary_step3_batch_yyy05.pl,no,2523
a1,exp_acyclic_depvary_step3_batch_yyy05.pl,no,2488
b2,exp_acyclic_depvary_step3_batch_yyy06.pl,yes,2624
z1,exp_acyclic_depvary_step3_batch_yyy07.pl,no,2354
a2,exp_acyclic_depvary_step3_batch_yyy08.pl,yes,2303
c2,exp_acyclic_depvary_step3_batch_yyy08.pl,yes,2347
b1,exp_acyclic_depvary_step3_batch_yyy08.pl,yes,2676
w1,exp_acyclic_depvary_step3_batch_yyy09.pl,no,2327
b1,exp_acyclic_depvary_step3_batch_yyy10.pl,no,2700
d1,exp_acyclic_depvary_step3_batch_yyy10.pl,no,2741
w2,exp_acyclic_depvary_step4_batch_yyy01.pl,yes,2651
s2,exp_acyclic_depvary_step4_batch_yyy01.pl,no,2410
c3,exp_acyclic_depvary_step4_batch_yyy01.pl,no,2264
a2,exp_acyclic_depvary_step4_batch_yyy01.pl,no,2592
f1,exp_acyclic_depvary_step4_batch_yyy02.pl,no,2360
d2,exp_acyclic_depvary_step4_batch_yyy02.pl,yes,2756
a2,exp_acyclic_depvary_step4_batch_yyy02.pl,no,2344
z2,exp_acyclic_depvary_step4_batch_yyy02.pl,no,2447
b2,exp_acyclic_depvary_step4_batch_yyy03.pl,yes,2653
p2,exp_acyclic_depvary_step4_batch_yyy04.pl,no,3635
x1,exp_acyclic_depvary_step4_batch_yyy05.pl,yes,2532
b3,exp_acyclic_depvary_step4_batch_yyy05.pl,yes,2588
a2,exp_acyclic_depvary_step4_batch_yyy05.pl,yes,2616
d1,exp_acyclic_depvary_step4_batch_yyy06.pl,no,2465
e1,exp_acyclic_depvary_step4_batch_yyy07.pl,no,2451
b3,exp_acyclic_depvary_step4_batch_yyy07.pl,yes,2244
q2,exp_acyclic_depvary_step4_batch_yyy08.pl,no,2660
d2,exp_acyclic_depvary_step4_batch_yyy09.pl,yes,2528
a1,exp_acyclic_depvary_step4_batch_yyy10.pl,yes,2462
d1,exp_acyclic_depvary_step4_batch_yyy10.pl,yes,2625
b3,exp_acyclic_depvary_step5_batch_yyy01.pl,yes,2404
c3,exp_acyclic_depvary_step5_batch_yyy01.pl,yes,2217
e2,exp_acyclic_depvary_step5_batch_yyy02.pl,no,2392
c2,exp_acyclic_depvary_step5_batch_yyy03.pl,no,2386
e3,exp_acyclic_depvary_step5_batch_yyy03.pl,yes,2584
b2,exp_acyclic_depvary_step5_batch_yyy03.pl,yes,4058
f1,exp_acyclic_depvary_step5_batch_yyy04.pl,yes,2847
z2,exp_acyclic_depvary_step5_batch_yyy04.pl,no,2259
t1,exp_acyclic_depvary_step5_batch_yyy04.pl,no,2334
e2,exp_acyclic_depvary_step5_batch_yyy05.pl,yes,2260
d1,exp_acyclic_depvary_step5_batch_yyy05.pl,yes,4146
r3,exp_acyclic_depvary_step5_batch_yyy05.pl,no,4619
c2,exp_acyclic_depvary_step5_batch_yyy06.pl,no,2335
s1,exp_acyclic_depvary_step5_batch_yyy07.pl,yes,2489
b2,exp_acyclic_depvary_step5_batch_yyy07.pl,no,2632
b2,exp_acyclic_depvary_step5_batch_yyy08.pl,no,2350
b3,exp_acyclic_depvary_step5_batch_yyy09.pl,no,2546
e2,exp_acyclic_depvary_step5_batch_yyy09.pl,no,2577
a2,exp_acyclic_depvary_step5_batch_yyy10.pl,no,2371
q1,exp_acyclic_depvary_step5_batch_yyy10.pl,yes,2497
p2,exp_acyclic_depvary_step5_batch_yyy10.pl,no,2327
e1,exp_acyclic_depvary_step5_batch_yyy10.pl,no,2868
f1,exp_acyclic_depvary_step6_batch_yyy01.pl,yes,2830
a2,exp_acyclic_depvary_step6_batch_yyy01.pl,no,2580
b1,exp_acyclic_depvary_step6_batch_yyy01.pl,no,2636
r1,exp_acyclic_depvary_step6_batch_yyy01.pl,yes,2412
v2,exp_acyclic_depvary_step6_batch_yyy02.pl,yes,2904
e2,exp_acyclic_depvary_step6_batch_yyy02.pl,no,2378
c4,exp_acyclic_depvary_step6_batch_yyy02.pl,no,2364
a3,exp_acyclic_depvary_step6_batch_yyy02.pl,yes,2365
f2,exp_acyclic_depvary_step6_batch_yyy02.pl,no,3006
x1,exp_acyclic_depvary_step6_batch_yyy03.pl,yes,2280
q2,exp_acyclic_depvary_step6_batch_yyy03.pl,yes,2600
b1,exp_acyclic_depvary_step6_batch_yyy03.pl,no,2436
b3,exp_acyclic_depvary_step6_batch_yyy03.pl,yes,2459
c1,exp_acyclic_depvary_step6_batch_yyy03.pl,yes,2303
f3,exp_acyclic_depvary_step6_batch_yyy03.pl,no,2446
a3,exp_acyclic_depvary_step6_batch_yyy04.pl,yes,2337
c1,exp_acyclic_depvary_step6_batch_yyy04.pl,no,2311
e1,exp_acyclic_depvary_step6_batch_yyy05.pl,yes,2364
r1,exp_acyclic_depvary_step6_batch_yyy05.pl,yes,2388
r3,exp_acyclic_depvary_step6_batch_yyy05.pl,no,2468
b3,exp_acyclic_depvary_step6_batch_yyy06.pl,yes,2416
c3,exp_acyclic_depvary_step6_batch_yyy06.pl,yes,63951
b2,exp_acyclic_depvary_step6_batch_yyy06.pl,no,2337
b1,exp_acyclic_depvary_step6_batch_yyy06.pl,yes,2279
d1,exp_acyclic_depvary_step6_batch_yyy06.pl,no,76720
c2,exp_acyclic_depvary_step6_batch_yyy07.pl,yes,2427
s2,exp_acyclic_depvary_step6_batch_yyy07.pl,no,2389
a1,exp_acyclic_depvary_step6_batch_yyy08.pl,no,2515
a1,exp_acyclic_depvary_step6_batch_yyy09.pl,yes,2522
c2,exp_acyclic_depvary_step6_batch_yyy09.pl,no,2249
e1,exp_acyclic_depvary_step6_batch_yyy09.pl,no,2556
t3,exp_acyclic_depvary_step6_batch_yyy09.pl,no,2568
b1,exp_acyclic_depvary_step6_batch_yyy10.pl,no,2460
f3,exp_acyclic_depvary_step7_batch_yyy01.pl,no,2480
b4,exp_acyclic_depvary_step7_batch_yyy01.pl,yes,2518
d4,exp_acyclic_depvary_step7_batch_yyy01.pl,yes,2534
v3,exp_acyclic_depvary_step7_batch_yyy01.pl,no,2336
e3,exp_acyclic_depvary_step7_batch_yyy02.pl,yes,2350
d4,exp_acyclic_depvary_step7_batch_yyy02.pl,yes,2374
c2,exp_acyclic_depvary_step7_batch_yyy02.pl,no,2344
a1,exp_acyclic_depvary_step7_batch_yyy02.pl,no,2519
r4,exp_acyclic_depvary_step7_batch_yyy03.pl,no,2831
c2,exp_acyclic_depvary_step7_batch_yyy03.pl,timeout,120000
d4,exp_acyclic_depvary_step7_batch_yyy03.pl,yes,2748
e4,exp_acyclic_depvary_step7_batch_yyy04.pl,no,2693
f2,exp_acyclic_depvary_step7_batch_yyy04.pl,yes,3267
b1,exp_acyclic_depvary_step7_batch_yyy04.pl,yes,3325
f2,exp_acyclic_depvary_step7_batch_yyy05.pl,no,2680
a3,exp_acyclic_depvary_step7_batch_yyy05.pl,yes,2753
b4,exp_acyclic_depvary_step7_batch_yyy05.pl,yes,2685
f4,exp_acyclic_depvary_step7_batch_yyy05.pl,yes,2682
f2,exp_acyclic_depvary_step7_batch_yyy06.pl,no,2733
c1,exp_acyclic_depvary_step7_batch_yyy06.pl,yes,2551
a1,exp_acyclic_depvary_step7_batch_yyy06.pl,no,2743
d1,exp_acyclic_depvary_step7_batch_yyy06.pl,yes,2533
b1,exp_acyclic_depvary_step7_batch_yyy07.pl,no,2597
c2,exp_acyclic_depvary_step7_batch_yyy07.pl,no,2670
d2,exp_acyclic_depvary_step7_batch_yyy07.pl,no,2717
q1,exp_acyclic_depvary_step7_batch_yyy07.pl,yes,2669
d3,exp_acyclic_depvary_step7_batch_yyy08.pl,yes,2949
e3,exp_acyclic_depvary_step7_batch_yyy08.pl,no,3133
a4,exp_acyclic_depvary_step7_batch_yyy08.pl,no,2456
f2,exp_acyclic_depvary_step7_batch_yyy08.pl,yes,2784
f1,exp_acyclic_depvary_step7_batch_yyy08.pl,yes,2747
e3,exp_acyclic_depvary_step7_batch_yyy09.pl,timeout,120000
b4,exp_acyclic_depvary_step7_batch_yyy09.pl,yes,32213
e2,exp_acyclic_depvary_step7_batch_yyy09.pl,no,5767
d1,exp_acyclic_depvary_step7_batch_yyy09.pl,yes,2248
c1,exp_acyclic_depvary_step7_batch_yyy09.pl,yes,32930
e1,exp_acyclic_depvary_step7_batch_yyy09.pl,no,2811
a4,exp_acyclic_depvary_step7_batch_yyy10.pl,yes,2851
d2,exp_acyclic_depvary_step7_batch_yyy10.pl,no,3117
q3,exp_acyclic_depvary_step7_batch_yyy10.pl,no,5678
d4,exp_acyclic_depvary_step8_batch_yyy01.pl,no,2568
c3,exp_acyclic_depvary_step8_batch_yyy01.pl,no,2519
z1,exp_acyclic_depvary_step8_batch_yyy01.pl,yes,2486
d3,exp_acyclic_depvary_step8_batch_yyy01.pl,yes,2374
e2,exp_acyclic_depvary_step8_batch_yyy01.pl,no,2298
a2,exp_acyclic_depvary_step8_batch_yyy02.pl,yes,2960
d1,exp_acyclic_depvary_step8_batch_yyy02.pl,yes,2360
f1,exp_acyclic_depvary_step8_batch_yyy02.pl,yes,4675
b5,exp_acyclic_depvary_step8_batch_yyy02.pl,yes,2269
f1,exp_acyclic_depvary_step8_batch_yyy03.pl,no,2448
c3,exp_acyclic_depvary_step8_batch_yyy03.pl,no,2283
y4,exp_acyclic_depvary_step8_batch_yyy03.pl,yes,2542
b3,exp_acyclic_depvary_step8_batch_yyy04.pl,yes,2370
b1,exp_acyclic_depvary_step8_batch_yyy04.pl,timeout,120000
u2,exp_acyclic_depvary_step8_batch_yyy04.pl,timeout,120000
e2,exp_acyclic_depvary_step8_batch_yyy04.pl,no,3367
w3,exp_acyclic_depvary_step8_batch_yyy04.pl,no,3031
d1,exp_acyclic_depvary_step8_batch_yyy04.pl,no,2956
c4,exp_acyclic_depvary_step8_batch_yyy04.pl,timeout,120000
c1,exp_acyclic_depvary_step8_batch_yyy05.pl,yes,2866
a5,exp_acyclic_depvary_step8_batch_yyy05.pl,no,2691
f3,exp_acyclic_depvary_step8_batch_yyy05.pl,yes,9460
a3,exp_acyclic_depvary_step8_batch_yyy05.pl,yes,7159
a4,exp_acyclic_depvary_step8_batch_yyy06.pl,no,2739
c2,exp_acyclic_depvary_step8_batch_yyy06.pl,no,3141
c4,exp_acyclic_depvary_step8_batch_yyy06.pl,yes,3132
a5,exp_acyclic_depvary_step8_batch_yyy06.pl,no,2954
e1,exp_acyclic_depvary_step8_batch_yyy07.pl,yes,2793
a4,exp_acyclic_depvary_step8_batch_yyy07.pl,no,3266
c4,exp_acyclic_depvary_step8_batch_yyy07.pl,no,3074
y4,exp_acyclic_depvary_step8_batch_yyy08.pl,yes,2817
e3,exp_acyclic_depvary_step8_batch_yyy08.pl,yes,3244
a2,exp_acyclic_depvary_step8_batch_yyy08.pl,no,2925
d2,exp_acyclic_depvary_step8_batch_yyy08.pl,yes,2859
t1,exp_acyclic_depvary_step8_batch_yyy08.pl,yes,3183
d4,exp_acyclic_depvary_step8_batch_yyy09.pl,yes,2796
f4,exp_acyclic_depvary_step8_batch_yyy09.pl,yes,2899
c5,exp_acyclic_depvary_step8_batch_yyy09.pl,yes,3014
b1,exp_acyclic_depvary_step8_batch_yyy09.pl,yes,2612
f2,exp_acyclic_depvary_step8_batch_yyy09.pl,no,3012
c2,exp_acyclic_depvary_step8_batch_yyy09.pl,no,3049
a1,exp_acyclic_depvary_step8_batch_yyy09.pl,no,2988
d3,exp_acyclic_depvary_step8_batch_yyy10.pl,no,2701
f1,exp_acyclic_depvary_step8_batch_yyy10.pl,yes,2402
c5,exp_acyclic_depvary_step8_batch_yyy10.pl,no,2841
b1,exp_acyclic_depvary_step9_batch_yyy01.pl,yes,2757
b4,exp_acyclic_depvary_step9_batch_yyy01.pl,yes,3040
e2,exp_acyclic_depvary_step9_batch_yyy01.pl,no,2735
b4,exp_acyclic_depvary_step9_batch_yyy02.pl,yes,2721
e1,exp_acyclic_depvary_step9_batch_yyy02.pl,no,2885
a3,exp_acyclic_depvary_step9_batch_yyy02.pl,no,2768
d2,exp_acyclic_depvary_step9_batch_yyy02.pl,yes,3129
b5,exp_acyclic_depvary_step9_batch_yyy02.pl,yes,3116
a1,exp_acyclic_depvary_step9_batch_yyy02.pl,yes,3029
x4,exp_acyclic_depvary_step9_batch_yyy03.pl,yes,3022
b3,exp_acyclic_depvary_step9_batch_yyy03.pl,yes,2836
a1,exp_acyclic_depvary_step9_batch_yyy03.pl,no,3177
b2,exp_acyclic_depvary_step9_batch_yyy04.pl,no,2828
f5,exp_acyclic_depvary_step9_batch_yyy04.pl,no,3077
a4,exp_acyclic_depvary_step9_batch_yyy05.pl,no,2974
a5,exp_acyclic_depvary_step9_batch_yyy05.pl,no,2524
f3,exp_acyclic_depvary_step9_batch_yyy06.pl,yes,2569
a2,exp_acyclic_depvary_step9_batch_yyy06.pl,no,2807
f2,exp_acyclic_depvary_step9_batch_yyy06.pl,timeout,120000
q5,exp_acyclic_depvary_step9_batch_yyy07.pl,no,62789
b2,exp_acyclic_depvary_step9_batch_yyy07.pl,no,2954
a5,exp_acyclic_depvary_step9_batch_yyy07.pl,no,18023
c2,exp_acyclic_depvary_step9_batch_yyy08.pl,yes,3091
b5,exp_acyclic_depvary_step9_batch_yyy08.pl,no,2945
z3,exp_acyclic_depvary_step9_batch_yyy08.pl,yes,3097
b1,exp_acyclic_depvary_step9_batch_yyy08.pl,no,2953
a3,exp_acyclic_depvary_step9_batch_yyy08.pl,yes,2838
f5,exp_acyclic_depvary_step9_batch_yyy08.pl,no,2985
x2,exp_acyclic_depvary_step9_batch_yyy08.pl,yes,2629
c3,exp_acyclic_depvary_step9_batch_yyy08.pl,no,2866
b3,exp_acyclic_depvary_step9_batch_yyy09.pl,no,2941
a1,exp_acyclic_depvary_step9_batch_yyy09.pl,no,2999
c4,exp_acyclic_depvary_step9_batch_yyy10.pl,yes,3005
t4,exp_acyclic_depvary_step9_batch_yyy10.pl,yes,2861
e2,exp_acyclic_depvary_step9_batch_yyy10.pl,yes,34857
f1,exp_acyclic_depvary_step9_batch_yyy10.pl,yes,13279
w4,exp_acyclic_depvary_step9_batch_yyy10.pl,no,2956
a1,exp_acyclic_indvary1_step1_batch_yyy01.pl,no,2617
d2,exp_acyclic_indvary1_step1_batch_yyy01.pl,yes,2700
a3,exp_acyclic_indvary1_step1_batch_yyy01.pl,yes,2766
t1,exp_acyclic_indvary1_step1_batch_yyy02.pl,yes,2556
d1,exp_acyclic_indvary1_step1_batch_yyy03.pl,no,2513
e1,exp_acyclic_indvary1_step1_batch_yyy03.pl,yes,2936
e2,exp_acyclic_indvary1_step1_batch_yyy03.pl,yes,2919
e1,exp_acyclic_indvary1_step1_batch_yyy04.pl,yes,2762
c2,exp_acyclic_indvary1_step1_batch_yyy04.pl,no,2789
b2,exp_acyclic_indvary1_step1_batch_yyy04.pl,yes,2890
a2,exp_acyclic_indvary1_step1_batch_yyy05.pl,yes,2917
b2,exp_acyclic_indvary1_step1_batch_yyy06.pl,no,2863
f2,exp_acyclic_indvary1_step1_batch_yyy06.pl,yes,2598
a2,exp_acyclic_indvary1_step1_batch_yyy06.pl,yes,2668
c2,exp_acyclic_indvary1_step1_batch_yyy06.pl,yes,2998
c2,exp_acyclic_indvary1_step1_batch_yyy07.pl,no,2836
c2,exp_acyclic_indvary1_step1_batch_yyy08.pl,no,2908
c1,exp_acyclic_indvary1_step1_batch_yyy09.pl,no,2944
c2,exp_acyclic_indvary1_step1_batch_yyy09.pl,yes,2666
f2,exp_acyclic_indvary1_step1_batch_yyy10.pl,no,2957
a1,exp_acyclic_indvary1_step2_batch_yyy01.pl,yes,2978
e2,exp_acyclic_indvary1_step2_batch_yyy01.pl,no,3093
e1,exp_acyclic_indvary1_step2_batch_yyy02.pl,yes,2741
a3,exp_acyclic_indvary1_step2_batch_yyy02.pl,yes,2854
b3,exp_acyclic_indvary1_step2_batch_yyy02.pl,yes,2744
f1,exp_acyclic_indvary1_step2_batch_yyy02.pl,yes,2933
s2,exp_acyclic_indvary1_step2_batch_yyy04.pl,no,94874
d2,exp_acyclic_indvary1_step2_batch_yyy04.pl,yes,2713
f1,exp_acyclic_indvary1_step2_batch_yyy04.pl,yes,2694
w1,exp_acyclic_indvary1_step2_batch_yyy05.pl,yes,2711
c1,exp_acyclic_indvary1_step2_batch_yyy05.pl,no,2553
f1,exp_acyclic_indvary1_step2_batch_yyy05.pl,yes,2928
u1,exp_acyclic_indvary1_step2_batch_yyy05.pl,no,3022
x1,exp_acyclic_indvary1_step2_batch_yyy06.pl,yes,3063
f2,exp_acyclic_indvary1_step2_batch_yyy06.pl,no,19688
d1,exp_acyclic_indvary1_step2_batch_yyy07.pl,no,20007
q2,exp_acyclic_indvary1_step2_batch_yyy07.pl,no,42194
v1,exp_acyclic_indvary1_step2_batch_yyy07.pl,no,7821
p2,exp_acyclic_indvary1_step2_batch_yyy07.pl,no,2948
b2,exp_acyclic_indvary1_step2_batch_yyy07.pl,no,2516
w1,exp_acyclic_indvary1_step2_batch_yyy08.pl,no,2884
f2,exp_acyclic_indvary1_step2_batch_yyy09.pl,no,2563
d1,exp_acyclic_indvary1_step2_batch_yyy09.pl,yes,2531
q1,exp_acyclic_indvary1_step2_batch_yyy10.pl,no,22808
u1,exp_acyclic_indvary1_step2_batch_yyy10.pl,yes,2631
b2,exp_acyclic_indvary1_step2_batch_yyy10.pl,no,2969
a1,exp_acyclic_indvary1_step3_batch_yyy02.pl,yes,2651
e1,exp_acyclic_indvary1_step3_batch_yyy02.pl,no,2523
f1,exp_acyclic_indvary1_step3_batch_yyy02.pl,yes,2527
a3,exp_acyclic_indvary1_step3_batch_yyy02.pl,yes,2592
a3,exp_acyclic_indvary1_step3_batch_yyy03.pl,yes,2678
f2,exp_acyclic_indvary1_step3_batch_yyy03.pl,yes,2732
w1,exp_acyclic_indvary1_step3_batch_yyy03.pl,yes,2701
u2,exp_acyclic_indvary1_step3_batch_yyy04.pl,no,2619
b3,exp_acyclic_indvary1_step3_batch_yyy04.pl,no,2535
a1,exp_acyclic_indvary1_step3_batch_yyy04.pl,no,2607
a2,exp_acyclic_indvary1_step3_batch_yyy05.pl,no,2495
v2,exp_acyclic_indvary1_step3_batch_yyy05.pl,yes,2621
c3,exp_acyclic_indvary1_step3_batch_yyy05.pl,yes,2471
d1,exp_acyclic_indvary1_step3_batch_yyy05.pl,no,2405
b2,exp_acyclic_indvary1_step3_batch_yyy05.pl,yes,2585
b3,exp_acyclic_indvary1_step3_batch_yyy07.pl,no,2531
c1,exp_acyclic_indvary1_step3_batch_yyy07.pl,yes,2412
f1,exp_acyclic_indvary1_step3_batch_yyy08.pl,yes,2469
b2,exp_acyclic_indvary1_step3_batch_yyy08.pl,no,2347
d2,exp_acyclic_indvary1_step3_batch_yyy08.pl,no,2600
f1,exp_acyclic_indvary1_step3_batch_yyy09.pl,yes,2698
p2,exp_acyclic_indvary1_step3_batch_yyy09.pl,no,2568
a3,exp_acyclic_indvary1_step3_batch_yyy09.pl,no,2595
c1,exp_acyclic_indvary1_step3_batch_yyy09.pl,no,2563
c3,exp_acyclic_indvary1_step3_batch_yyy10.pl,no,2626
f1,exp_acyclic_indvary1_step4_batch_yyy01.pl,yes,2772
c1,exp_acyclic_indvary1_step4_batch_yyy01.pl,yes,2620
b2,exp_acyclic_indvary1_step4_batch_yyy02.pl,no,2584
d2,exp_acyclic_indvary1_step4_batch_yyy03.pl,yes,2553
f1,exp_acyclic_indvary1_step4_batch_yyy03.pl,no,2809
c1,exp_acyclic_indvary1_step4_batch_yyy04.pl,yes,2526
f1,exp_acyclic_indvary1_step4_batch_yyy04.pl,yes,2586
b3,exp_acyclic_indvary1_step4_batch_yyy04.pl,yes,2626
f1,exp_acyclic_indvary1_step4_batch_yyy05.pl,no,2654
c2,exp_acyclic_indvary1_step4_batch_yyy06.pl,yes,3021
c3,exp_acyclic_indvary1_step4_batch_yyy06.pl,no,2852
a2,exp_acyclic_indvary1_step4_batch_yyy07.pl,yes,2564
e2,exp_acyclic_indvary1_step4_batch_yyy07.pl,yes,2591
a1,exp_acyclic_indvary1_step4_batch_yyy07.pl,no,2707
a3,exp_acyclic_indvary1_step4_batch_yyy08.pl,yes,2630
e1,exp_acyclic_indvary1_step4_batch_yyy08.pl,no,2571
d1,exp_acyclic_indvary1_step4_batch_yyy08.pl,yes,2509
b2,exp_acyclic_indvary1_step4_batch_yyy08.pl,yes,2578
a3,exp_acyclic_indvary1_step4_batch_yyy09.pl,yes,2470
f2,exp_acyclic_indvary1_step4_batch_yyy10.pl,no,2500
b1,exp_acyclic_indvary1_step5_batch_yyy01.pl,yes,2498
c3,exp_acyclic_indvary1_step5_batch_yyy01.pl,yes,2502
d1,exp_acyclic_indvary1_step5_batch_yyy02.pl,yes,2628
d2,exp_acyclic_indvary1_step5_batch_yyy03.pl,no,2681
c2,exp_acyclic_indvary1_step5_batch_yyy03.pl,yes,2559
c3,exp_acyclic_indvary1_step5_batch_yyy04.pl,no,2564
r4,exp_acyclic_indvary1_step5_batch_yyy04.pl,no,2663
e1,exp_acyclic_indvary1_step5_batch_yyy04.pl,yes,2642
d2,exp_acyclic_indvary1_step5_batch_yyy05.pl,yes,2569
y3,exp_acyclic_indvary1_step5_batch_yyy06.pl,yes,2450
t4,exp_acyclic_indvary1_step5_batch_yyy06.pl,yes,2504
c3,exp_acyclic_indvary1_step5_batch_yyy07.pl,yes,2631
d1,exp_acyclic_indvary1_step5_batch_yyy07.pl,yes,2442
c1,exp_acyclic_indvary1_step5_batch_yyy07.pl,yes,2431
d1,exp_acyclic_indvary1_step5_batch_yyy08.pl,yes,2507
c1,exp_acyclic_indvary1_step5_batch_yyy08.pl,yes,2445
f1,exp_acyclic_indvary1_step5_batch_yyy08.pl,yes,2256
c2,exp_acyclic_indvary1_step5_batch_yyy08.pl,yes,2536
f2,exp_acyclic_indvary1_step5_batch_yyy09.pl,no,2577
d1,exp_acyclic_indvary1_step5_batch_yyy09.pl,yes,2578
c2,exp_acyclic_indvary1_step5_batch_yyy09.pl,yes,2573
d2,exp_acyclic_indvary1_step5_batch_yyy10.pl,yes,2521
a1,exp_acyclic_indvary1_step5_batch_yyy10.pl,no,2394
v4,exp_acyclic_indvary1_step6_batch_yyy01.pl,no,2610
q1,exp_acyclic_indvary1_step6_batch_yyy01.pl,no,2535
c3,exp_acyclic_indvary1_step6_batch_yyy01.pl,no,2619
x4,exp_acyclic_indvary1_step6_batch_yyy01.pl,yes,2548
a3,exp_acyclic_indvary1_step6_batch_yyy02.pl,yes,2642
e2,exp_acyclic_indvary1_step6_batch_yyy02.pl,yes,2606
q4,exp_acyclic_indvary1_step6_batch_yyy02.pl,yes,2678
v5,exp_acyclic_indvary1_step6_batch_yyy03.pl,no,2699
z5,exp_acyclic_indvary1_step6_batch_yyy03.pl,no,2493
b1,exp_acyclic_indvary1_step6_batch_yyy03.pl,yes,2655
a2,exp_acyclic_indvary1_step6_batch_yyy04.pl,yes,2445
e1,exp_acyclic_indvary1_step6_batch_yyy05.pl,no,2539
x4,exp_acyclic_indvary1_step6_batch_yyy06.pl,yes,2464
b1,exp_acyclic_indvary1_step6_batch_yyy06.pl,no,2397
f1,exp_acyclic_indvary1_step6_batch_yyy06.pl,yes,2493
e2,exp_acyclic_indvary1_step6_batch_yyy07.pl,yes,2528
a2,exp_acyclic_indvary1_step6_batch_yyy07.pl,yes,2738
p5,exp_acyclic_indvary1_step6_batch_yyy07.pl,yes,2532
y3,exp_acyclic_indvary1_step6_batch_yyy08.pl,yes,2505
b3,exp_acyclic_indvary1_step6_batch_yyy08.pl,yes,2634
e2,exp_acyclic_indvary1_step6_batch_yyy09.pl,yes,2622
d2,exp_acyclic_indvary1_step7_batch_yyy01.pl,yes,2802
x2,exp_acyclic_indvary1_step7_batch_yyy01.pl,yes,2792
b2,exp_acyclic_indvary1_step7_batch_yyy02.pl,yes,2630
a3,exp_acyclic_indvary1_step7_batch_yyy02.pl,yes,2718
e2,exp_acyclic_indvary1_step7_batch_yyy02.pl,no,2640
e1,exp_acyclic_indvary1_step7_batch_yyy02.pl,no,2666
c1,exp_acyclic_indvary1_step7_batch_yyy03.pl,yes,2564
s3,exp_acyclic_indvary1_step7_batch_yyy05.pl,yes,2632
e2,exp_acyclic_indvary1_step7_batch_yyy07.pl,yes,2513
a3,exp_acyclic_indvary1_step7_batch_yyy07.pl,no,2532
a1,exp_acyclic_indvary1_step7_batch_yyy08.pl,yes,2580
f2,exp_acyclic_indvary1_step8_batch_yyy01.pl,yes,2535
f1,exp_acyclic_indvary1_step8_batch_yyy01.pl,yes,2364
e2,exp_acyclic_indvary1_step8_batch_yyy02.pl,yes,2542
e2,exp_acyclic_indvary1_step8_batch_yyy03.pl,yes,2577
c2,exp_acyclic_indvary1_step8_batch_yyy03.pl,yes,2570
c3,exp_acyclic_indvary1_step8_batch_yyy04.pl,no,2615
a3,exp_acyclic_indvary1_step8_batch_yyy05.pl,yes,2675
v4,exp_acyclic_indvary1_step8_batch_yyy05.pl,yes,2646
b2,exp_acyclic_indvary1_step8_batch_yyy05.pl,yes,2565
f2,exp_acyclic_indvary1_step8_batch_yyy05.pl,yes,2551
b1,exp_acyclic_indvary1_step8_batch_yyy06.pl,yes,2524
e2,exp_acyclic_indvary1_step8_batch_yyy07.pl,yes,2528
a3,exp_acyclic_indvary1_step8_batch_yyy08.pl,yes,2641
t3,exp_acyclic_indvary1_step8_batch_yyy08.pl,no,2514
c1,exp_acyclic_indvary1_step8_batch_yyy10.pl,no,2535
c2,exp_acyclic_indvary2_step1_batch_yyy03.pl,no,2552
e2,exp_acyclic_indvary2_step1_batch_yyy04.pl,yes,2560
a1,exp_acyclic_indvary2_step1_batch_yyy04.pl,yes,2532
w1,exp_acyclic_indvary2_step1_batch_yyy04.pl,yes,2587
d1,exp_acyclic_indvary2_step1_batch_yyy05.pl,no,2679
a2,exp_acyclic_indvary2_step1_batch_yyy07.pl,yes,2636
d2,exp_acyclic_indvary2_step1_batch_yyy07.pl,yes,2633
b3,exp_acyclic_indvary2_step1_batch_yyy08.pl,yes,2567
a3,exp_acyclic_indvary2_step2_batch_yyy01.pl,yes,2756
f2,exp_acyclic_indvary2_step2_batch_yyy01.pl,no,2548
c1,exp_acyclic_indvary2_step2_batch_yyy01.pl,no,2511
e2,exp_acyclic_indvary2_step2_batch_yyy03.pl,yes,2557
d1,exp_acyclic_indvary2_step2_batch_yyy04.pl,no,2657
c1,exp_acyclic_indvary2_step2_batch_yyy05.pl,no,2712
v1,exp_acyclic_indvary2_step2_batch_yyy05.pl,yes,2631
r1,exp_acyclic_indvary2_step2_batch_yyy05.pl,yes,2655
p2,exp_acyclic_indvary2_step2_batch_yyy06.pl,timeout,120000
f2,exp_acyclic_indvary2_step2_batch_yyy06.pl,no,2913
f1,exp_acyclic_indvary2_step2_batch_yyy06.pl,yes,2688
e2,exp_acyclic_indvary2_step2_batch_yyy08.pl,yes,2863
e1,exp_acyclic_indvary2_step2_batch_yyy09.pl,yes,2824
d1,exp_acyclic_indvary2_step2_batch_yyy09.pl,yes,2681
c3,exp_acyclic_indvary2_step2_batch_yyy09.pl,yes,2615
b1,exp_acyclic_indvary2_step2_batch_yyy10.pl,yes,2598
z2,exp_acyclic_indvary2_step2_batch_yyy10.pl,yes,2506
d1,exp_acyclic_indvary2_step3_batch_yyy02.pl,yes,2491
c2,exp_acyclic_indvary2_step3_batch_yyy02.pl,no,2601
q2,exp_acyclic_indvary2_step3_batch_yyy04.pl,yes,2416
e1,exp_acyclic_indvary2_step3_batch_yyy04.pl,yes,2594
c2,exp_acyclic_indvary2_step3_batch_yyy05.pl,no,2508
d1,exp_acyclic_indvary2_step3_batch_yyy05.pl,no,2624
q3,exp_acyclic_indvary2_step3_batch_yyy05.pl,yes,2634
f2,exp_acyclic_indvary2_step3_batch_yyy06.pl,yes,2481
b3,exp_acyclic_indvary2_step3_batch_yyy06.pl,no,2572
c2,exp_acyclic_indvary2_step3_batch_yyy06.pl,no,2548
f1,exp_acyclic_indvary2_step3_batch_yyy06.pl,no,2543
b2,exp_acyclic_indvary2_step3_batch_yyy06.pl,no,2524
e2,exp_acyclic_indvary2_step3_batch_yyy07.pl,yes,2531
f1,exp_acyclic_indvary2_step3_batch_yyy07.pl,yes,2317
b2,exp_acyclic_indvary2_step3_batch_yyy07.pl,no,2603
b1,exp_acyclic_indvary2_step3_batch_yyy07.pl,no,2637
c3,exp_acyclic_indvary2_step3_batch_yyy08.pl,no,2705
e1,exp_acyclic_indvary2_step3_batch_yyy08.pl,no,2681
e2,exp_acyclic_indvary2_step3_batch_yyy09.pl,no,2496
b3,exp_acyclic_indvary2_step3_batch_yyy10.pl,yes,2800
t1,exp_acyclic_indvary2_step3_batch_yyy10.pl,yes,2548
f1,exp_acyclic_indvary2_step3_batch_yyy10.pl,no,2560
q1,exp_acyclic_indvary2_step4_batch_yyy01.pl,yes,2654
b1,exp_acyclic_indvary2_step4_batch_yyy03.pl,yes,2580
f2,exp_acyclic_indvary2_step4_batch_yyy04.pl,yes,2633
u1,exp_acyclic_indvary2_step4_batch_yyy04.pl,yes,2657
b2,exp_acyclic_indvary2_step4_batch_yyy04.pl,no,2691
d2,exp_acyclic_indvary2_step4_batch_yyy05.pl,no,5202
b2,exp_acyclic_indvary2_step4_batch_yyy06.pl,no,2492
f1,exp_acyclic_indvary2_step4_batch_yyy08.pl,yes,2572
b1,exp_acyclic_indvary2_step4_batch_yyy09.pl,yes,2523
c3,exp_acyclic_indvary2_step4_batch_yyy10.pl,no,2522
d1,exp_acyclic_indvary2_step4_batch_yyy10.pl,no,2635
f1,exp_acyclic_indvary2_step5_batch_yyy01.pl,yes,2720
t2,exp_acyclic_indvary2_step5_batch_yyy03.pl,yes,2852
d1,exp_acyclic_indvary2_step5_batch_yyy03.pl,yes,2485
s1,exp_acyclic_indvary2_step5_batch_yyy03.pl,yes,2630
c3,exp_acyclic_indvary2_step5_batch_yyy03.pl,yes,2659
c2,exp_acyclic_indvary2_step5_batch_yyy04.pl,no,2691
e1,exp_acyclic_indvary2_step5_batch_yyy04.pl,yes,2767
f1,exp_acyclic_indvary2_step5_batch_yyy04.pl,no,2815
e1,exp_acyclic_indvary2_step5_batch_yyy05.pl,no,2491
d1,exp_acyclic_indvary2_step5_batch_yyy06.pl,no,2608
b1,exp_acyclic_indvary2_step5_batch_yyy07.pl,no,2457
a3,exp_acyclic_indvary2_step5_batch_yyy07.pl,no,5889
b3,exp_acyclic_indvary2_step5_batch_yyy08.pl,no,2677
a3,exp_acyclic_indvary2_step5_batch_yyy09.pl,no,2640
q1,exp_acyclic_indvary2_step5_batch_yyy10.pl,yes,2550
d2,exp_acyclic_indvary2_step6_batch_yyy01.pl,no,2617
z2,exp_acyclic_indvary2_step6_batch_yyy01.pl,yes,2532
e2,exp_acyclic_indvary2_step6_batch_yyy02.pl,yes,2459
c3,exp_acyclic_indvary2_step6_batch_yyy02.pl,no,2634
p3,exp_acyclic_indvary2_step6_batch_yyy03.pl,yes,2555
c2,exp_acyclic_indvary2_step6_batch_yyy03.pl,no,2756
c1,exp_acyclic_indvary2_step6_batch_yyy04.pl,no,2643
e2,exp_acyclic_indvary2_step6_batch_yyy04.pl,no,2372
a1,exp_acyclic_indvary2_step6_batch_yyy05.pl,yes,2590
e1,exp_acyclic_indvary2_step6_batch_yyy05.pl,no,2553
f2,exp_acyclic_indvary2_step6_batch_yyy05.pl,no,2421
v2,exp_acyclic_indvary2_step6_batch_yyy05.pl,yes,2470
b2,exp_acyclic_indvary2_step6_batch_yyy05.pl,yes,2485
c3,exp_acyclic_indvary2_step6_batch_yyy05.pl,no,2483
b1,exp_acyclic_indvary2_step6_batch_yyy07.pl,no,2563
e2,exp_acyclic_indvary2_step6_batch_yyy07.pl,no,2615
d1,exp_acyclic_indvary2_step6_batch_yyy08.pl,yes,2539
c3,exp_acyclic_indvary2_step6_batch_yyy08.pl,no,2591
f2,exp_acyclic_indvary2_step6_batch_yyy08.pl,no,2543
d2,exp_acyclic_indvary2_step6_batch_yyy09.pl,yes,2739
x1,exp_acyclic_indvary2_step6_batch_yyy09.pl,yes,2716
e1,exp_acyclic_indvary2_step6_batch_yyy09.pl,no,2713
a1,exp_acyclic_indvary2_step6_batch_yyy10.pl,no,2502
c1,exp_acyclic_indvary2_step7_batch_yyy01.pl,timeout,120000
a2,exp_acyclic_indvary2_step7_batch_yyy01.pl,no,2997
a1,exp_acyclic_indvary2_step7_batch_yyy02.pl,yes,2982
c3,exp_acyclic_indvary2_step7_batch_yyy02.pl,yes,2648
c3,exp_acyclic_indvary2_step7_batch_yyy03.pl,yes,2729
d2,exp_acyclic_indvary2_step7_batch_yyy03.pl,no,2844
f1,exp_acyclic_indvary2_step7_batch_yyy03.pl,no,2935
d1,exp_acyclic_indvary2_step7_batch_yyy04.pl,yes,2912
p3,exp_acyclic_indvary2_step7_batch_yyy05.pl,yes,3029
b1,exp_acyclic_indvary2_step7_batch_yyy05.pl,yes,2838
c3,exp_acyclic_indvary2_step7_batch_yyy07.pl,no,2651
q1,exp_acyclic_indvary2_step7_batch_yyy08.pl,yes,3002
a3,exp_acyclic_indvary2_step7_batch_yyy09.pl,yes,3071
z1,exp_acyclic_indvary2_step8_batch_yyy01.pl,yes,2927
e2,exp_acyclic_indvary2_step8_batch_yyy01.pl,no,3061
d1,exp_acyclic_indvary2_step8_batch_yyy02.pl,yes,2894
q3,exp_acyclic_indvary2_step8_batch_yyy03.pl,yes,2809
c2,exp_acyclic_indvary2_step8_batch_yyy03.pl,yes,3075
u1,exp_acyclic_indvary2_step8_batch_yyy03.pl,yes,2655
q1,exp_acyclic_indvary2_step8_batch_yyy03.pl,yes,2835
c1,exp_acyclic_indvary2_step8_batch_yyy05.pl,no,2873
y2,exp_acyclic_indvary2_step8_batch_yyy06.pl,yes,2953
r2,exp_acyclic_indvary2_step8_batch_yyy06.pl,yes,2744
b1,exp_acyclic_indvary2_step8_batch_yyy06.pl,no,2947
e2,exp_acyclic_indvary2_step8_batch_yyy06.pl,yes,2708
d1,exp_acyclic_indvary2_step8_batch_yyy06.pl,no,2699
a3,exp_acyclic_indvary2_step8_batch_yyy06.pl,yes,3067
w1,exp_acyclic_indvary2_step8_batch_yyy07.pl,yes,2941
x1,exp_acyclic_indvary2_step8_batch_yyy07.pl,yes,2664
q2,exp_acyclic_indvary2_step8_batch_yyy07.pl,yes,2804
b2,exp_acyclic_indvary2_step8_batch_yyy07.pl,yes,2902
e1,exp_acyclic_indvary2_step8_batch_yyy08.pl,yes,2965
d1,exp_acyclic_indvary2_step8_batch_yyy08.pl,yes,2937
b2,exp_acyclic_indvary2_step8_batch_yyy09.pl,yes,2974
v2,exp_acyclic_indvary2_step8_batch_yyy10.pl,yes,2540
b3,exp_acyclic_indvary2_step8_batch_yyy10.pl,yes,2994
b2,exp_acyclic_indvary3_step1_batch_yyy03.pl,no,3041
a3,exp_acyclic_indvary3_step1_batch_yyy03.pl,yes,2956
f2,exp_acyclic_indvary3_step1_batch_yyy04.pl,yes,2823
b3,exp_acyclic_indvary3_step1_batch_yyy04.pl,yes,2960
b1,exp_acyclic_indvary3_step1_batch_yyy04.pl,yes,3003
w2,exp_acyclic_indvary3_step1_batch_yyy05.pl,yes,2927
e1,exp_acyclic_indvary3_step1_batch_yyy06.pl,no,2930
c1,exp_acyclic_indvary3_step1_batch_yyy06.pl,no,2520
a1,exp_acyclic_indvary3_step1_batch_yyy07.pl,yes,2932
p3,exp_acyclic_indvary3_step1_batch_yyy08.pl,yes,2982
f2,exp_acyclic_indvary3_step1_batch_yyy09.pl,no,2984
c2,exp_acyclic_indvary3_step1_batch_yyy09.pl,yes,2565
d2,exp_acyclic_indvary3_step1_batch_yyy10.pl,yes,2553
c1,exp_acyclic_indvary3_step1_batch_yyy10.pl,yes,3110
e2,exp_acyclic_indvary3_step1_batch_yyy10.pl,yes,2721
f2,exp_acyclic_indvary3_step1_batch_yyy10.pl,yes,3012
c2,exp_acyclic_indvary3_step1_batch_yyy10.pl,no,2766
z3,exp_acyclic_indvary3_step1_batch_yyy10.pl,no,2968
w1,exp_acyclic_indvary3_step2_batch_yyy01.pl,no,2650
a1,exp_acyclic_indvary3_step2_batch_yyy02.pl,yes,2710
f2,exp_acyclic_indvary3_step2_batch_yyy02.pl,yes,2771
a1,exp_acyclic_indvary3_step2_batch_yyy03.pl,yes,2952
e2,exp_acyclic_indvary3_step2_batch_yyy03.pl,no,3092
e2,exp_acyclic_indvary3_step2_batch_yyy04.pl,yes,2963
e1,exp_acyclic_indvary3_step2_batch_yyy05.pl,no,3272
a3,exp_acyclic_indvary3_step2_batch_yyy05.pl,no,2880
f1,exp_acyclic_indvary3_step2_batch_yyy05.pl,yes,2336
c2,exp_acyclic_indvary3_step2_batch_yyy07.pl,yes,2593
s3,exp_acyclic_indvary3_step2_batch_yyy08.pl,no,3002
t3,exp_acyclic_indvary3_step2_batch_yyy09.pl,yes,2850
f1,exp_acyclic_indvary3_step2_batch_yyy09.pl,no,2561
a3,exp_acyclic_indvary3_step2_batch_yyy09.pl,yes,2870
b2,exp_acyclic_indvary3_step2_batch_yyy10.pl,yes,2864
s1,exp_acyclic_indvary3_step2_batch_yyy10.pl,no,2658
c2,exp_acyclic_indvary3_step3_batch_yyy01.pl,yes,2704
e2,exp_acyclic_indvary3_step3_batch_yyy02.pl,yes,2658
e2,exp_acyclic_indvary3_step3_batch_yyy03.pl,yes,2645
f2,exp_acyclic_indvary3_step3_batch_yyy03.pl,no,12270
b3,exp_acyclic_indvary3_step3_batch_yyy04.pl,yes,2886
b2,exp_acyclic_indvary3_step3_batch_yyy04.pl,no,2887
a2,exp_acyclic_indvary3_step3_batch_yyy05.pl,no,2557
f1,exp_acyclic_indvary3_step3_batch_yyy06.pl,yes,2913
b1,exp_acyclic_indvary3_step3_batch_yyy06.pl,no,2919
a3,exp_acyclic_indvary3_step3_batch_yyy07.pl,yes,2870
f2,exp_acyclic_indvary3_step3_batch_yyy07.pl,yes,2467
a2,exp_acyclic_indvary3_step3_batch_yyy07.pl,yes,3019
b2,exp_acyclic_indvary3_step3_batch_yyy08.pl,no,3098
f2,exp_acyclic_indvary3_step3_batch_yyy08.pl,no,2588
b3,exp_acyclic_indvary3_step3_batch_yyy08.pl,yes,2693
b1,exp_acyclic_indvary3_step3_batch_yyy09.pl,yes,2708
a2,exp_acyclic_indvary3_step3_batch_yyy09.pl,yes,2571
c3,exp_acyclic_indvary3_step3_batch_yyy09.pl,no,2594
d1,exp_acyclic_indvary3_step3_batch_yyy09.pl,yes,2919
a3,exp_acyclic_indvary3_step4_batch_yyy03.pl,yes,2761
b3,exp_acyclic_indvary3_step4_batch_yyy04.pl,yes,3006
c3,exp_acyclic_indvary3_step4_batch_yyy05.pl,yes,2857
a2,exp_acyclic_indvary3_step4_batch_yyy05.pl,no,2902
b3,exp_acyclic_indvary3_step4_batch_yyy06.pl,no,2771
f2,exp_acyclic_indvary3_step4_batch_yyy06.pl,yes,2813
c1,exp_acyclic_indvary3_step4_batch_yyy06.pl,yes,2838
c2,exp_acyclic_indvary3_step4_batch_yyy08.pl,no,3078
c2,exp_acyclic_indvary3_step4_batch_yyy10.pl,yes,2647
e1,exp_acyclic_indvary3_step4_batch_yyy10.pl,yes,2752
c3,exp_acyclic_indvary3_step5_batch_yyy02.pl,yes,2791
e1,exp_acyclic_indvary3_step5_batch_yyy02.pl,no,3262
a3,exp_acyclic_indvary3_step5_batch_yyy03.pl,no,2653
f1,exp_acyclic_indvary3_step5_batch_yyy03.pl,yes,2544
b1,exp_acyclic_indvary3_step5_batch_yyy03.pl,yes,2715
e1,exp_acyclic_indvary3_step5_batch_yyy04.pl,yes,2655
b1,exp_acyclic_indvary3_step5_batch_yyy04.pl,yes,2752
a3,exp_acyclic_indvary3_step5_batch_yyy05.pl,yes,2891
c2,exp_acyclic_indvary3_step5_batch_yyy05.pl,yes,3260
c2,exp_acyclic_indvary3_step5_batch_yyy06.pl,yes,3050
a3,exp_acyclic_indvary3_step5_batch_yyy06.pl,yes,2619
d2,exp_acyclic_indvary3_step5_batch_yyy06.pl,yes,2791
c1,exp_acyclic_indvary3_step5_batch_yyy07.pl,yes,2953
e2,exp_acyclic_indvary3_step5_batch_yyy07.pl,yes,3042
c2,exp_acyclic_indvary3_step5_batch_yyy09.pl,yes,3062
b2,exp_acyclic_indvary3_step6_batch_yyy01.pl,yes,2723
c3,exp_acyclic_indvary3_step6_batch_yyy02.pl,no,2927
b1,exp_acyclic_indvary3_step6_batch_yyy03.pl,yes,2653
b3,exp_acyclic_indvary3_step6_batch_yyy04.pl,yes,2790
b2,exp_acyclic_indvary3_step6_batch_yyy05.pl,yes,2740
d1,exp_acyclic_indvary3_step6_batch_yyy06.pl,yes,2822
d2,exp_acyclic_indvary3_step6_batch_yyy07.pl,no,2812
a1,exp_acyclic_indvary3_step6_batch_yyy07.pl,yes,3002
c1,exp_acyclic_indvary3_step6_batch_yyy07.pl,yes,2569
d2,exp_acyclic_indvary3_step6_batch_yyy08.pl,yes,2688
c2,exp_acyclic_indvary3_step6_batch_yyy08.pl,yes,3043
e1,exp_acyclic_indvary3_step6_batch_yyy09.pl,yes,2529
c2,exp_acyclic_indvary3_step6_batch_yyy10.pl,yes,2576
e2,exp_acyclic_indvary3_step6_batch_yyy10.pl,yes,2629
a3,exp_acyclic_indvary3_step7_batch_yyy01.pl,yes,3046
c2,exp_acyclic_indvary3_step7_batch_yyy02.pl,yes,3159
b3,exp_acyclic_indvary3_step7_batch_yyy02.pl,yes,3041
a3,exp_acyclic_indvary3_step7_batch_yyy02.pl,yes,2821
e1,exp_acyclic_indvary3_step7_batch_yyy03.pl,no,2862
c1,exp_acyclic_indvary3_step7_batch_yyy03.pl,yes,2799
b3,exp_acyclic_indvary3_step7_batch_yyy04.pl,yes,2932
a3,exp_acyclic_indvary3_step7_batch_yyy05.pl,yes,2750
c3,exp_acyclic_indvary3_step7_batch_yyy06.pl,yes,2936
e2,exp_acyclic_indvary3_step7_batch_yyy06.pl,yes,2801
c3,exp_acyclic_indvary3_step7_batch_yyy07.pl,yes,2602
c3,exp_acyclic_indvary3_step7_batch_yyy08.pl,yes,2965
b1,exp_acyclic_indvary3_step7_batch_yyy08.pl,yes,2910
a1,exp_acyclic_indvary3_step7_batch_yyy09.pl,yes,3074
b3,exp_acyclic_indvary3_step7_batch_yyy09.pl,yes,3079
a1,exp_acyclic_indvary3_step7_batch_yyy10.pl,yes,2765
d1,exp_acyclic_indvary3_step8_batch_yyy01.pl,yes,3104
f2,exp_acyclic_indvary3_step8_batch_yyy01.pl,yes,2959
e1,exp_acyclic_indvary3_step8_batch_yyy03.pl,yes,2842
a1,exp_acyclic_indvary3_step8_batch_yyy04.pl,yes,2708
f2,exp_acyclic_indvary3_step8_batch_yyy05.pl,yes,2878
b1,exp_acyclic_indvary3_step8_batch_yyy05.pl,yes,2763
b3,exp_acyclic_indvary3_step8_batch_yyy05.pl,yes,2750
e1,exp_acyclic_indvary3_step8_batch_yyy06.pl,yes,3045
e2,exp_acyclic_indvary3_step8_batch_yyy07.pl,no,3031
c2,exp_acyclic_indvary3_step8_batch_yyy08.pl,yes,3075
e2,exp_acyclic_indvary3_step8_batch_yyy09.pl,yes,2722
a2,exp_acyclic_indvary3_step8_batch_yyy09.pl,yes,2587
a3,exp_acyclic_indvary3_step8_batch_yyy10.pl,yes,2916
c2,exp_acyclic_indvary3_step8_batch_yyy10.pl,yes,3140
u5,exp_cycles_depvary_step10_batch_yyy01.pl,yes,2822
s3,exp_cycles_depvary_step10_batch_yyy01.pl,timeout,120000
c3,exp_cycles_depvary_step10_batch_yyy01.pl,yes,3083
f4,exp_cycles_depvary_step10_batch_yyy01.pl,yes,3177
d4,exp_cycles_depvary_step10_batch_yyy02.pl,no,3023
a2,exp_cycles_depvary_step10_batch_yyy02.pl,yes,3056
y2,exp_cycles_depvary_step10_batch_yyy02.pl,yes,3227
c2,exp_cycles_depvary_step10_batch_yyy02.pl,yes,3063
b1,exp_cycles_depvary_step10_batch_yyy02.pl,yes,3019
d3,exp_cycles_depvary_step10_batch_yyy02.pl,timeout,120000
e4,exp_cycles_depvary_step10_batch_yyy03.pl,no,3325
e2,exp_cycles_depvary_step10_batch_yyy03.pl,no,3487
c3,exp_cycles_depvary_step10_batch_yyy03.pl,timeout,120000
c2,exp_cycles_depvary_step10_batch_yyy03.pl,no,3490
s2,exp_cycles_depvary_step10_batch_yyy04.pl,yes,3557
e2,exp_cycles_depvary_step10_batch_yyy04.pl,no,3370
f5,exp_cycles_depvary_step10_batch_yyy04.pl,timeout,120000
e1,exp_cycles_depvary_step10_batch_yyy04.pl,timeout,120000
b1,exp_cycles_depvary_step10_batch_yyy04.pl,timeout,120000
f2,exp_cycles_depvary_step10_batch_yyy05.pl,yes,4141
e4,exp_cycles_depvary_step10_batch_yyy05.pl,no,4191
v4,exp_cycles_depvary_step10_batch_yyy05.pl,timeout,120000
d3,exp_cycles_depvary_step10_batch_yyy05.pl,yes,4799
c5,exp_cycles_depvary_step10_batch_yyy05.pl,timeout,120000
e2,exp_cycles_depvary_step10_batch_yyy05.pl,timeout,120000
e4,exp_cycles_depvary_step10_batch_yyy06.pl,timeout,120000
f5,exp_cycles_depvary_step10_batch_yyy06.pl,yes,5308
c5,exp_cycles_depvary_step10_batch_yyy06.pl,timeout,120000
b4,exp_cycles_depvary_step10_batch_yyy07.pl,no,5641
t4,exp_cycles_depvary_step10_batch_yyy07.pl,yes,5658
a3,exp_cycles_depvary_step10_batch_yyy07.pl,no,5423
e4,exp_cycles_depvary_step10_batch_yyy07.pl,yes,5516
b2,exp_cycles_depvary_step10_batch_yyy07.pl,timeout,120000
c2,exp_cycles_depvary_step10_batch_yyy08.pl,timeout,120000
c5,exp_cycles_depvary_step10_batch_yyy08.pl,timeout,120000
b3,exp_cycles_depvary_step10_batch_yyy08.pl,timeout,120000
d5,exp_cycles_depvary_step10_batch_yyy08.pl,timeout,120000
d1,exp_cycles_depvary_step10_batch_yyy08.pl,yes,6549
c6,exp_cycles_depvary_step10_batch_yyy08.pl,no,6674
d2,exp_cycles_depvary_step10_batch_yyy08.pl,no,6292
s4,exp_cycles_depvary_step10_batch_yyy09.pl,timeout,120000
c4,exp_cycles_depvary_step10_batch_yyy09.pl,no,7797
u2,exp_cycles_depvary_step10_batch_yyy09.pl,timeout,120000
e4,exp_cycles_depvary_step10_batch_yyy09.pl,yes,8301
p4,exp_cycles_depvary_step10_batch_yyy09.pl,timeout,120000
a6,exp_cycles_depvary_step10_batch_yyy09.pl,no,7336
w1,exp_cycles_depvary_step10_batch_yyy09.pl,no,7027
d4,exp_cycles_depvary_step10_batch_yyy10.pl,timeout,120000
a2,exp_cycles_depvary_step10_batch_yyy10.pl,timeout,120000
u3,exp_cycles_depvary_step10_batch_yyy10.pl,timeout,120000
v1,exp_cycles_depvary_step1_batch_yyy01.pl,yes,8072
x1,exp_cycles_depvary_step1_batch_yyy04.pl,yes,8214
d1,exp_cycles_depvary_step1_batch_yyy07.pl,yes,8229
e1,exp_cycles_depvary_step2_batch_yyy01.pl,no,8002
y1,exp_cycles_depvary_step2_batch_yyy01.pl,yes,8079
q1,exp_cycles_depvary_step2_batch_yyy02.pl,yes,7992
e1,exp_cycles_depvary_step2_batch_yyy03.pl,no,8012
a2,exp_cycles_depvary_step2_batch_yyy03.pl,no,8035
r2,exp_cycles_depvary_step2_batch_yyy05.pl,yes,7727
f1,exp_cycles_depvary_step2_batch_yyy05.pl,yes,7951
r2,exp_cycles_depvary_step2_batch_yyy06.pl,no,8103
b2,exp_cycles_depvary_step2_batch_yyy06.pl,no,7999
b2,exp_cycles_depvary_step2_batch_yyy07.pl,no,7575
t1,exp_cycles_depvary_step2_batch_yyy08.pl,yes,7481
d1,exp_cycles_depvary_step2_batch_yyy08.pl,yes,7354
d1,exp_cycles_depvary_step2_batch_yyy09.pl,yes,8380
b2,exp_cycles_depvary_step2_batch_yyy09.pl,no,8034
e1,exp_cycles_depvary_step2_batch_yyy10.pl,yes,7887
f2,exp_cycles_depvary_step3_batch_yyy01.pl,no,7983
b2,exp_cycles_depvary_step3_batch_yyy01.pl,no,8055
p2,exp_cycles_depvary_step3_batch_yyy02.pl,no,8694
e1,exp_cycles_depvary_step3_batch_yyy02.pl,yes,8447
a2,exp_cycles_depvary_step3_batch_yyy02.pl,no,8063
e2,exp_cycles_depvary_step3_batch_yyy03.pl,yes,8115
a1,exp_cycles_depvary_step3_batch_yyy04.pl,no,8055
c1,exp_cycles_depvary_step3_batch_yyy04.pl,yes,8149
c1,exp_cycles_depvary_step3_batch_yyy05.pl,yes,7901
q2,exp_cycles_depvary_step3_batch_yyy07.pl,yes,7375
a1,exp_cycles_depvary_step3_batch_yyy07.pl,no,7591
a1,exp_cycles_depvary_step3_batch_yyy08.pl,yes,7765
d2,exp_cycles_depvary_step3_batch_yyy08.pl,yes,7930
d1,exp_cycles_depvary_step3_batch_yyy08.pl,yes,7895
v1,exp_cycles_depvary_step3_batch_yyy08.pl,no,9711
r2,exp_cycles_depvary_step3_batch_yyy08.pl,no,9533
a1,exp_cycles_depvary_step3_batch_yyy09.pl,yes,8391
r1,exp_cycles_depvary_step3_batch_yyy09.pl,no,8100
b2,exp_cycles_depvary_step3_batch_yyy09.pl,no,8751
w1,exp_cycles_depvary_step3_batch_yyy10.pl,yes,7911
c3,exp_cycles_depvary_step4_batch_yyy01.pl,yes,9488
v2,exp_cycles_depvary_step4_batch_yyy02.pl,yes,7890
c2,exp_cycles_depvary_step4_batch_yyy02.pl,no,7799
f2,exp_cycles_depvary_step4_batch_yyy03.pl,no,7746
c2,exp_cycles_depvary_step4_batch_yyy04.pl,no,9151
f1,exp_cycles_depvary_step4_batch_yyy04.pl,no,7850
p2,exp_cycles_depvary_step4_batch_yyy04.pl,yes,7980
a3,exp_cycles_depvary_step4_batch_yyy05.pl,no,7528
f1,exp_cycles_depvary_step4_batch_yyy05.pl,no,7903
c3,exp_cycles_depvary_step4_batch_yyy06.pl,no,8019
f1,exp_cycles_depvary_step4_batch_yyy06.pl,yes,18951
f1,exp_cycles_depvary_step4_batch_yyy07.pl,yes,17465
c1,exp_cycles_depvary_step4_batch_yyy08.pl,no,8006
f1,exp_cycles_depvary_step4_batch_yyy08.pl,no,7339
b3,exp_cycles_depvary_step4_batch_yyy08.pl,yes,7819
y2,exp_cycles_depvary_step4_batch_yyy08.pl,yes,7991
c1,exp_cycles_depvary_step4_batch_yyy09.pl,yes,8219
b3,exp_cycles_depvary_step4_batch_yyy10.pl,no,8055
v1,exp_cycles_depvary_step4_batch_yyy10.pl,no,15879
r3,exp_cycles_depvary_step4_batch_yyy10.pl,no,8123
c3,exp_cycles_depvary_step5_batch_yyy01.pl,no,8134
a2,exp_cycles_depvary_step5_batch_yyy01.pl,no,7836
e1,exp_cycles_depvary_step5_batch_yyy01.pl,no,7426
f2,exp_cycles_depvary_step5_batch_yyy01.pl,no,7521
d1,exp_cycles_depvary_step5_batch_yyy02.pl,timeout,120000
c1,exp_cycles_depvary_step5_batch_yyy03.pl,yes,13833
f3,exp_cycles_depvary_step5_batch_yyy03.pl,yes,8398
v2,exp_cycles_depvary_step5_batch_yyy03.pl,yes,8319
d1,exp_cycles_depvary_step5_batch_yyy03.pl,yes,16363
d1,exp_cycles_depvary_step5_batch_yyy04.pl,timeout,120000
c3,exp_cycles_depvary_step5_batch_yyy04.pl,yes,10920
p2,exp_cycles_depvary_step5_batch_yyy04.pl,timeout,120000
x2,exp_cycles_depvary_step5_batch_yyy05.pl,timeout,120000
f1,exp_cycles_depvary_step5_batch_yyy07.pl,yes,8941
e2,exp_cycles_depvary_step5_batch_yyy07.pl,no,8713
b2,exp_cycles_depvary_step5_batch_yyy08.pl,yes,8226
p1,exp_cycles_depvary_step5_batch_yyy08.pl,yes,9489
d2,exp_cycles_depvary_step5_batch_yyy08.pl,no,8872
a1,exp_cycles_depvary_step5_batch_yyy10.pl,yes,8884
e1,exp_cycles_depvary_step5_batch_yyy10.pl,no,9010
z1,exp_cycles_depvary_step5_batch_yyy10.pl,yes,9144
a3,exp_cycles_depvary_step6_batch_yyy01.pl,yes,8722
f3,exp_cycles_depvary_step6_batch_yyy01.pl,no,8671
c2,exp_cycles_depvary_step6_batch_yyy01.pl,no,8870
d1,exp_cycles_depvary_step6_batch_yyy02.pl,timeout,120000
a2,exp_cycles_depvary_step6_batch_yyy03.pl,no,9160
b2,exp_cycles_depvary_step6_batch_yyy04.pl,no,8924
f1,exp_cycles_depvary_step6_batch_yyy04.pl,yes,30871
u2,exp_cycles_depvary_step6_batch_yyy05.pl,timeout,120000
f1,exp_cycles_depvary_step6_batch_yyy06.pl,no,9502
v3,exp_cycles_depvary_step6_batch_yyy06.pl,timeout,120000
c1,exp_cycles_depvary_step6_batch_yyy07.pl,no,9572
a4,exp_cycles_depvary_step6_batch_yyy07.pl,yes,9659
b2,exp_cycles_depvary_step6_batch_yyy07.pl,no,9560
f1,exp_cycles_depvary_step6_batch_yyy08.pl,yes,9519
b2,exp_cycles_depvary_step6_batch_yyy08.pl,no,9341
e2,exp_cycles_depvary_step6_batch_yyy08.pl,timeout,120000
a4,exp_cycles_depvary_step6_batch_yyy08.pl,timeout,120000
b2,exp_cycles_depvary_step6_batch_yyy09.pl,no,9896
f1,exp_cycles_depvary_step6_batch_yyy09.pl,yes,9358
c1,exp_cycles_depvary_step6_batch_yyy09.pl,yes,9221
f3,exp_cycles_depvary_step6_batch_yyy09.pl,no,9402
q1,exp_cycles_depvary_step7_batch_yyy01.pl,timeout,120000
x3,exp_cycles_depvary_step7_batch_yyy01.pl,timeout,120000
e4,exp_cycles_depvary_step7_batch_yyy01.pl,no,9558
a1,exp_cycles_depvary_step7_batch_yyy02.pl,timeout,120000
e3,exp_cycles_depvary_step7_batch_yyy02.pl,yes,10188
d3,exp_cycles_depvary_step7_batch_yyy02.pl,no,10247
f4,exp_cycles_depvary_step7_batch_yyy03.pl,yes,10139
f2,exp_cycles_depvary_step7_batch_yyy03.pl,timeout,120000
f4,exp_cycles_depvary_step7_batch_yyy04.pl,yes,10364
t1,exp_cycles_depvary_step7_batch_yyy04.pl,yes,10396
q2,exp_cycles_depvary_step7_batch_yyy04.pl,yes,10070
s1,exp_cycles_depvary_step7_batch_yyy04.pl,yes,10849
b2,exp_cycles_depvary_step7_batch_yyy05.pl,no,10189
c2,exp_cycles_depvary_step7_batch_yyy05.pl,timeout,120000
c1,exp_cycles_depvary_step7_batch_yyy05.pl,yes,10683
a1,exp_cycles_depvary_step7_batch_yyy06.pl,yes,10903
e4,exp_cycles_depvary_step7_batch_yyy06.pl,no,10648
a3,exp_cycles_depvary_step7_batch_yyy06.pl,timeout,120000
p2,exp_cycles_depvary_step7_batch_yyy06.pl,yes,11181
f4,exp_cycles_depvary_step7_batch_yyy07.pl,no,10198
e4,exp_cycles_depvary_step7_batch_yyy07.pl,yes,10859
a1,exp_cycles_depvary_step7_batch_yyy07.pl,no,10337
a2,exp_cycles_depvary_step7_batch_yyy07.pl,timeout,120000
c4,exp_cycles_depvary_step7_batch_yyy08.pl,yes,11067
c1,exp_cycles_depvary_step7_batch_yyy08.pl,no,11279
s2,exp_cycles_depvary_step7_batch_yyy08.pl,yes,11487
v4,exp_cycles_depvary_step7_batch_yyy09.pl,timeout,120000
c2,exp_cycles_depvary_step7_batch_yyy09.pl,yes,11213
f3,exp_cycles_depvary_step7_batch_yyy09.pl,no,11498
q1,exp_cycles_depvary_step7_batch_yyy10.pl,timeout,120000
b1,exp_cycles_depvary_step7_batch_yyy10.pl,yes,10597
v4,exp_cycles_depvary_step7_batch_yyy10.pl,timeout,120000
f3,exp_cycles_depvary_step8_batch_yyy01.pl,no,11114
f4,exp_cycles_depvary_step8_batch_yyy01.pl,yes,11035
c4,exp_cycles_depvary_step8_batch_yyy01.pl,timeout,120000
b5,exp_cycles_depvary_step8_batch_yyy01.pl,no,107965
d4,exp_cycles_depvary_step8_batch_yyy02.pl,timeout,120000
b1,exp_cycles_depvary_step8_batch_yyy02.pl,timeout,120000
c1,exp_cycles_depvary_step8_batch_yyy02.pl,timeout,120000
f2,exp_cycles_depvary_step8_batch_yyy02.pl,timeout,120000
b4,exp_cycles_depvary_step8_batch_yyy02.pl,yes,12756
b3,exp_cycles_depvary_step8_batch_yyy03.pl,yes,12164
b1,exp_cycles_depvary_step8_batch_yyy03.pl,timeout,120000
d3,exp_cycles_depvary_step8_batch_yyy03.pl,yes,13413
a5,exp_cycles_depvary_step8_batch_yyy04.pl,timeout,120000
f4,exp_cycles_depvary_step8_batch_yyy04.pl,yes,14171
s3,exp_cycles_depvary_step8_batch_yyy04.pl,timeout,120000
b5,exp_cycles_depvary_step8_batch_yyy05.pl,timeout,120000
e2,exp_cycles_depvary_step8_batch_yyy05.pl,timeout,120000
b2,exp_cycles_depvary_step8_batch_yyy05.pl,yes,14353
e4,exp_cycles_depvary_step8_batch_yyy05.pl,no,13121
d3,exp_cycles_depvary_step8_batch_yyy06.pl,yes,17238
b3,exp_cycles_depvary_step8_batch_yyy06.pl,no,14005
d1,exp_cycles_depvary_step8_batch_yyy06.pl,timeout,120000
w3,exp_cycles_depvary_step8_batch_yyy07.pl,yes,14354
e3,exp_cycles_depvary_step8_batch_yyy07.pl,yes,14845
b3,exp_cycles_depvary_step8_batch_yyy07.pl,yes,14783
c2,exp_cycles_depvary_step8_batch_yyy08.pl,no,13801
p4,exp_cycles_depvary_step8_batch_yyy08.pl,no,13343
y3,exp_cycles_depvary_step8_batch_yyy09.pl,timeout,120000
a2,exp_cycles_depvary_step8_batch_yyy09.pl,no,15028
b1,exp_cycles_depvary_step8_batch_yyy09.pl,no,14895
e1,exp_cycles_depvary_step8_batch_yyy10.pl,yes,13640
d3,exp_cycles_depvary_step8_batch_yyy10.pl,no,13375
a1,exp_cycles_depvary_step9_batch_yyy01.pl,timeout,120000
c2,exp_cycles_depvary_step9_batch_yyy01.pl,no,15121
t2,exp_cycles_depvary_step9_batch_yyy01.pl,yes,14622
c5,exp_cycles_depvary_step9_batch_yyy01.pl,no,37143
c2,exp_cycles_depvary_step9_batch_yyy02.pl,yes,14444
e5,exp_cycles_depvary_step9_batch_yyy02.pl,no,14267
b3,exp_cycles_depvary_step9_batch_yyy02.pl,no,14788
f1,exp_cycles_depvary_step9_batch_yyy03.pl,yes,14815
q5,exp_cycles_depvary_step9_batch_yyy03.pl,timeout,120000
b3,exp_cycles_depvary_step9_batch_yyy03.pl,yes,15332
e4,exp_cycles_depvary_step9_batch_yyy03.pl,no,14900
x3,exp_cycles_depvary_step9_batch_yyy03.pl,timeout,120000
a4,exp_cycles_depvary_step9_batch_yyy04.pl,timeout,120000
b2,exp_cycles_depvary_step9_batch_yyy04.pl,timeout,120000
c3,exp_cycles_depvary_step9_batch_yyy04.pl,timeout,120000
b1,exp_cycles_depvary_step9_batch_yyy05.pl,no,16001
d4,exp_cycles_depvary_step9_batch_yyy05.pl,timeout,120000
p1,exp_cycles_depvary_step9_batch_yyy05.pl,timeout,120000
e1,exp_cycles_depvary_step9_batch_yyy05.pl,timeout,120000
f1,exp_cycles_depvary_step9_batch_yyy05.pl,no,15704
f3,exp_cycles_depvary_step9_batch_yyy06.pl,no,16608
c3,exp_cycles_depvary_step9_batch_yyy06.pl,yes,16342
e1,exp_cycles_depvary_step9_batch_yyy06.pl,timeout,120000
d5,exp_cycles_depvary_step9_batch_yyy06.pl,timeout,120000
q5,exp_cycles_depvary_step9_batch_yyy06.pl,yes,15891
f5,exp_cycles_depvary_step9_batch_yyy07.pl,timeout,120000
f3,exp_cycles_depvary_step9_batch_yyy07.pl,no,17458
e5,exp_cycles_depvary_step9_batch_yyy07.pl,no,18227
a3,exp_cycles_depvary_step9_batch_yyy07.pl,timeout,120000
y2,exp_cycles_depvary_step9_batch_yyy08.pl,timeout,120000
v3,exp_cycles_depvary_step9_batch_yyy08.pl,yes,17930
e3,exp_cycles_depvary_step9_batch_yyy08.pl,timeout,120000
e5,exp_cycles_depvary_step9_batch_yyy08.pl,no,16945
c3,exp_cycles_depvary_step9_batch_yyy08.pl,yes,17758
a1,exp_cycles_depvary_step9_batch_yyy09.pl,timeout,120000
d2,exp_cycles_depvary_step9_batch_yyy09.pl,timeout,120000
f5,exp_cycles_depvary_step9_batch_yyy09.pl,yes,18460
d3,exp_cycles_depvary_step9_batch_yyy10.pl,no,17672
f4,exp_cycles_depvary_step9_batch_yyy10.pl,timeout,120000
c3,exp_cycles_indvary1_step1_batch_yyy01.pl,yes,18330
d2,exp_cycles_indvary1_step1_batch_yyy02.pl,no,17934
f2,exp_cycles_indvary1_step1_batch_yyy03.pl,yes,18490
c2,exp_cycles_indvary1_step1_batch_yyy05.pl,no,18837
c3,exp_cycles_indvary1_step1_batch_yyy07.pl,no,18494
b2,exp_cycles_indvary1_step1_batch_yyy08.pl,no,18558
a3,exp_cycles_indvary1_step1_batch_yyy09.pl,no,18504
a2,exp_cycles_indvary1_step1_batch_yyy10.pl,no,18725
a2,exp_cycles_indvary1_step2_batch_yyy01.pl,no,18201
c3,exp_cycles_indvary1_step2_batch_yyy01.pl,no,18237
a1,exp_cycles_indvary1_step2_batch_yyy01.pl,yes,19351
f2,exp_cycles_indvary1_step2_batch_yyy02.pl,no,19228
q1,exp_cycles_indvary1_step2_batch_yyy02.pl,timeout,120000
b2,exp_cycles_indvary1_step2_batch_yyy03.pl,no,19018
c1,exp_cycles_indvary1_step2_batch_yyy03.pl,no,18559
c3,exp_cycles_indvary1_step2_batch_yyy03.pl,yes,19312
a1,exp_cycles_indvary1_step2_batch_yyy03.pl,no,22091
b1,exp_cycles_indvary1_step2_batch_yyy04.pl,no,19185
c2,exp_cycles_indvary1_step2_batch_yyy04.pl,yes,19179
d1,exp_cycles_indvary1_step2_batch_yyy04.pl,yes,18389
b2,exp_cycles_indvary1_step2_batch_yyy05.pl,no,18162
f1,exp_cycles_indvary1_step2_batch_yyy05.pl,yes,18664
f2,exp_cycles_indvary1_step2_batch_yyy05.pl,yes,19038
e1,exp_cycles_indvary1_step2_batch_yyy05.pl,no,18949
d1,exp_cycles_indvary1_step2_batch_yyy07.pl,yes,18682
p1,exp_cycles_indvary1_step2_batch_yyy07.pl,yes,18588
f1,exp_cycles_indvary1_step2_batch_yyy07.pl,no,18850
w1,exp_cycles_indvary1_step2_batch_yyy08.pl,yes,19215
b1,exp_cycles_indvary1_step2_batch_yyy08.pl,no,18421
f2,exp_cycles_indvary1_step2_batch_yyy08.pl,yes,19390
s1,exp_cycles_indvary1_step2_batch_yyy08.pl,yes,20438
d1,exp_cycles_indvary1_step2_batch_yyy09.pl,timeout,120000
b2,exp_cycles_indvary1_step2_batch_yyy09.pl,timeout,120000
t2,exp_cycles_indvary1_step3_batch_yyy01.pl,timeout,120000
e1,exp_cycles_indvary1_step3_batch_yyy01.pl,no,17983
b2,exp_cycles_indvary1_step3_batch_yyy02.pl,yes,18768
t2,exp_cycles_indvary1_step3_batch_yyy02.pl,no,19291
w1,exp_cycles_indvary1_step3_batch_yyy02.pl,no,19989
a2,exp_cycles_indvary1_step3_batch_yyy03.pl,no,43042
q2,exp_cycles_indvary1_step3_batch_yyy03.pl,no,72077
c2,exp_cycles_indvary1_step3_batch_yyy04.pl,no,18954
b2,exp_cycles_indvary1_step3_batch_yyy04.pl,no,38074
f1,exp_cycles_indvary1_step3_batch_yyy05.pl,no,18403
x2,exp_cycles_indvary1_step3_batch_yyy05.pl,no,18733
a2,exp_cycles_indvary1_step3_batch_yyy06.pl,yes,18373
b2,exp_cycles_indvary1_step3_batch_yyy06.pl,timeout,120000
a1,exp_cycles_indvary1_step3_batch_yyy06.pl,yes,20812
c3,exp_cycles_indvary1_step3_batch_yyy07.pl,yes,18624
w2,exp_cycles_indvary1_step3_batch_yyy07.pl,no,19317
b2,exp_cycles_indvary1_step3_batch_yyy07.pl,no,18941
d1,exp_cycles_indvary1_step3_batch_yyy08.pl,no,19412
b1,exp_cycles_indvary1_step3_batch_yyy08.pl,yes,19511
c3,exp_cycles_indvary1_step3_batch_yyy09.pl,no,18646
a1,exp_cycles_indvary1_step3_batch_yyy10.pl,yes,19301
f1,exp_cycles_indvary1_step3_batch_yyy10.pl,yes,20493
f1,exp_cycles_indvary1_step4_batch_yyy01.pl,no,18362
c1,exp_cycles_indvary1_step4_batch_yyy01.pl,no,19172
v1,exp_cycles_indvary1_step4_batch_yyy02.pl,no,18403
a2,exp_cycles_indvary1_step4_batch_yyy02.pl,no,19223
a2,exp_cycles_indvary1_step4_batch_yyy03.pl,no,19128
a3,exp_cycles_indvary1_step4_batch_yyy04.pl,no,19448
d2,exp_cycles_indvary1_step4_batch_yyy05.pl,yes,19267
b2,exp_cycles_indvary1_step4_batch_yyy07.pl,yes,19157
b3,exp_cycles_indvary1_step4_batch_yyy07.pl,yes,18309
d1,exp_cycles_indvary1_step4_batch_yyy08.pl,yes,20538
b2,exp_cycles_indvary1_step4_batch_yyy09.pl,yes,18939
c1,exp_cycles_indvary1_step4_batch_yyy10.pl,no,18158
e1,exp_cycles_indvary1_step4_batch_yyy10.pl,no,18177
f1,exp_cycles_indvary1_step5_batch_yyy01.pl,no,18315
q3,exp_cycles_indvary1_step5_batch_yyy02.pl,yes,18920
b3,exp_cycles_indvary1_step5_batch_yyy02.pl,no,18877
d2,exp_cycles_indvary1_step5_batch_yyy03.pl,no,19033
a3,exp_cycles_indvary1_step5_batch_yyy03.pl,yes,19432
y1,exp_cycles_indvary1_step5_batch_yyy03.pl,yes,19461
a3,exp_cycles_indvary1_step5_batch_yyy05.pl,yes,19762
d1,exp_cycles_indvary1_step5_batch_yyy05.pl,yes,18879
d1,exp_cycles_indvary1_step5_batch_yyy06.pl,yes,17728
c2,exp_cycles_indvary1_step5_batch_yyy06.pl,no,18528
a1,exp_cycles_indvary1_step5_batch_yyy08.pl,no,18735
p3,exp_cycles_indvary1_step5_batch_yyy09.pl,no,18858
f2,exp_cycles_indvary1_step5_batch_yyy09.pl,yes,18417
d2,exp_cycles_indvary1_step5_batch_yyy09.pl,yes,17978
e2,exp_cycles_indvary1_step5_batch_yyy09.pl,no,17693
c3,exp_cycles_indvary1_step5_batch_yyy10.pl,yes,19144
b2,exp_cycles_indvary1_step5_batch_yyy10.pl,yes,18211
b3,exp_cycles_indvary1_step5_batch_yyy10.pl,yes,18304
u1,exp_cycles_indvary1_step5_batch_yyy10.pl,yes,18666
f2,exp_cycles_indvary1_step6_batch_yyy01.pl,yes,18512
b1,exp_cycles_indvary1_step6_batch_yyy01.pl,yes,18315
a2,exp_cycles_indvary1_step6_batch_yyy02.pl,yes,18008
e1,exp_cycles_indvary1_step6_batch_yyy02.pl,no,17798
d1,exp_cycles_indvary1_step6_batch_yyy02.pl,no,17728
b1,exp_cycles_indvary1_step6_batch_yyy03.pl,no,18594
a1,exp_cycles_indvary1_step6_batch_yyy03.pl,yes,17592
b2,exp_cycles_indvary1_step6_batch_yyy04.pl,yes,18818
u1,exp_cycles_indvary1_step6_batch_yyy05.pl,yes,18505
d1,exp_cycles_indvary1_step6_batch_yyy05.pl,no,18697
e1,exp_cycles_indvary1_step6_batch_yyy05.pl,yes,19042
d1,exp_cycles_indvary1_step6_batch_yyy06.pl,yes,18127
a1,exp_cycles_indvary1_step6_batch_yyy06.pl,yes,18191
d2,exp_cycles_indvary1_step6_batch_yyy07.pl,no,18130
d2,exp_cycles_indvary1_step6_batch_yyy08.pl,yes,18735
b2,exp_cycles_indvary1_step6_batch_yyy08.pl,yes,18593
b1,exp_cycles_indvary1_step6_batch_yyy08.pl,yes,17828
a1,exp_cycles_indvary1_step6_batch_yyy09.pl,yes,18242
e2,exp_cycles_indvary1_step6_batch_yyy09.pl,yes,17992
b2,exp_cycles_indvary1_step6_batch_yyy09.pl,yes,18497
b2,exp_cycles_indvary1_step6_batch_yyy10.pl,yes,17770
e1,exp_cycles_indvary1_step6_batch_yyy10.pl,no,18641
d1,exp_cycles_indvary1_step6_batch_yyy10.pl,yes,18643
e1,exp_cycles_indvary1_step7_batch_yyy01.pl,no,18190
w1,exp_cycles_indvary1_step7_batch_yyy02.pl,no,17970
c1,exp_cycles_indvary1_step7_batch_yyy02.pl,no,17798
f2,exp_cycles_indvary1_step7_batch_yyy03.pl,yes,18225
f1,exp_cycles_indvary1_step7_batch_yyy03.pl,yes,18345
b3,exp_cycles_indvary1_step7_batch_yyy04.pl,yes,18545
e1,exp_cycles_indvary1_step7_batch_yyy04.pl,yes,19093
t6,exp_cycles_indvary1_step7_batch_yyy05.pl,yes,19892
y5,exp_cycles_indvary1_step7_batch_yyy05.pl,yes,18809
d1,exp_cycles_indvary1_step7_batch_yyy06.pl,yes,19075
d2,exp_cycles_indvary1_step7_batch_yyy06.pl,no,18881
c2,exp_cycles_indvary1_step7_batch_yyy06.pl,no,18731
v2,exp_cycles_indvary1_step7_batch_yyy07.pl,yes,17489
d2,exp_cycles_indvary1_step7_batch_yyy07.pl,no,18385
b2,exp_cycles_indvary1_step7_batch_yyy07.pl,yes,18125
c1,exp_cycles_indvary1_step7_batch_yyy07.pl,yes,18035
d1,exp_cycles_indvary1_step7_batch_yyy08.pl,yes,18178
c3,exp_cycles_indvary1_step7_batch_yyy09.pl,yes,18136
e2,exp_cycles_indvary1_step7_batch_yyy10.pl,yes,17778
c2,exp_cycles_indvary1_step7_batch_yyy10.pl,yes,18067
p4,exp_cycles_indvary1_step7_batch_yyy10.pl,no,17725
a2,exp_cycles_indvary1_step8_batch_yyy01.pl,yes,17319
d2,exp_cycles_indvary1_step8_batch_yyy01.pl,yes,17904
d1,exp_cycles_indvary1_step8_batch_yyy01.pl,no,17973
b3,exp_cycles_indvary1_step8_batch_yyy02.pl,yes,18509
f1,exp_cycles_indvary1_step8_batch_yyy02.pl,no,17284
e2,exp_cycles_indvary1_step8_batch_yyy05.pl,no,17329
t5,exp_cycles_indvary1_step8_batch_yyy05.pl,yes,18677
c1,exp_cycles_indvary1_step8_batch_yyy06.pl,yes,18446
b2,exp_cycles_indvary1_step8_batch_yyy06.pl,no,18623
f2,exp_cycles_indvary1_step8_batch_yyy06.pl,yes,18789
d1,exp_cycles_indvary1_step8_batch_yyy07.pl,yes,18221
c3,exp_cycles_indvary1_step8_batch_yyy07.pl,yes,18417
e1,exp_cycles_indvary1_step8_batch_yyy07.pl,yes,18975
e2,exp_cycles_indvary1_step8_batch_yyy08.pl,yes,17648
b1,exp_cycles_indvary1_step8_batch_yyy09.pl,yes,18235
b1,exp_cycles_indvary1_step8_batch_yyy10.pl,yes,18055
c3,exp_cycles_indvary1_step8_batch_yyy10.pl,yes,18102
r3,exp_cycles_indvary2_step1_batch_yyy01.pl,yes,26190
b3,exp_cycles_indvary2_step1_batch_yyy01.pl,no,19605
b2,exp_cycles_indvary2_step1_batch_yyy02.pl,yes,18317
e2,exp_cycles_indvary2_step1_batch_yyy02.pl,yes,63118
c1,exp_cycles_indvary2_step1_batch_yyy02.pl,no,17996
b3,exp_cycles_indvary2_step1_batch_yyy03.pl,no,17976
f2,exp_cycles_indvary2_step1_batch_yyy05.pl,yes,17900
c2,exp_cycles_indvary2_step1_batch_yyy06.pl,yes,17639
a3,exp_cycles_indvary2_step1_batch_yyy06.pl,yes,17878
a1,exp_cycles_indvary2_step1_batch_yyy06.pl,yes,17771
w1,exp_cycles_indvary2_step1_batch_yyy08.pl,timeout,120000
a3,exp_cycles_indvary2_step1_batch_yyy09.pl,no,18099
f2,exp_cycles_indvary2_step2_batch_yyy01.pl,timeout,120000
z1,exp_cycles_indvary2_step2_batch_yyy01.pl,yes,18421
a2,exp_cycles_indvary2_step2_batch_yyy02.pl,no,18807
c3,exp_cycles_indvary2_step2_batch_yyy02.pl,no,18592
d2,exp_cycles_indvary2_step2_batch_yyy03.pl,timeout,120000
e2,exp_cycles_indvary2_step2_batch_yyy03.pl,yes,18860
c1,exp_cycles_indvary2_step2_batch_yyy03.pl,yes,18245
d1,exp_cycles_indvary2_step2_batch_yyy04.pl,no,17802
f1,exp_cycles_indvary2_step2_batch_yyy04.pl,no,17450
c3,exp_cycles_indvary2_step2_batch_yyy04.pl,no,18068
c1,exp_cycles_indvary2_step2_batch_yyy06.pl,no,17564
p3,exp_cycles_indvary2_step2_batch_yyy06.pl,yes,18063
c2,exp_cycles_indvary2_step2_batch_yyy07.pl,yes,17885
c3,exp_cycles_indvary2_step2_batch_yyy08.pl,no,18501
f1,exp_cycles_indvary2_step2_batch_yyy08.pl,yes,18081
q3,exp_cycles_indvary2_step2_batch_yyy10.pl,yes,18138
f2,exp_cycles_indvary2_step2_batch_yyy10.pl,yes,18267
a2,exp_cycles_indvary2_step3_batch_yyy01.pl,no,18154
c2,exp_cycles_indvary2_step3_batch_yyy03.pl,yes,18003
d2,exp_cycles_indvary2_step3_batch_yyy03.pl,yes,17571
a2,exp_cycles_indvary2_step3_batch_yyy04.pl,no,17339
w2,exp_cycles_indvary2_step3_batch_yyy04.pl,yes,17816
c3,exp_cycles_indvary2_step3_batch_yyy04.pl,no,17901
f1,exp_cycles_indvary2_step3_batch_yyy05.pl,yes,18277
c2,exp_cycles_indvary2_step3_batch_yyy05.pl,yes,18442
z1,exp_cycles_indvary2_step3_batch_yyy05.pl,yes,18079
a2,exp_cycles_indvary2_step3_batch_yyy06.pl,yes,18740
a1,exp_cycles_indvary2_step3_batch_yyy06.pl,yes,18333
d1,exp_cycles_indvary2_step3_batch_yyy08.pl,no,17820
b1,exp_cycles_indvary2_step4_batch_yyy01.pl,yes,17253
b1,exp_cycles_indvary2_step4_batch_yyy03.pl,yes,16830
f1,exp_cycles_indvary2_step4_batch_yyy03.pl,no,18243
s2,exp_cycles_indvary2_step4_batch_yyy04.pl,timeout,120000
b1,exp_cycles_indvary2_step4_batch_yyy05.pl,no,17793
c1,exp_cycles_indvary2_step4_batch_yyy05.pl,no,17560
e1,exp_cycles_indvary2_step4_batch_yyy06.pl,no,17188
c3,exp_cycles_indvary2_step4_batch_yyy06.pl,yes,18696
c3,exp_cycles_indvary2_step4_batch_yyy08.pl,yes,17473
q1,exp_cycles_indvary2_step4_batch_yyy08.pl,yes,18829
a3,exp_cycles_indvary2_step4_batch_yyy09.pl,yes,18366
d1,exp_cycles_indvary2_step4_batch_yyy10.pl,no,18155
e1,exp_cycles_indvary2_step4_batch_yyy10.pl,yes,18388
p3,exp_cycles_indvary2_step5_batch_yyy01.pl,yes,17100
e2,exp_cycles_indvary2_step5_batch_yyy01.pl,yes,18503
a1,exp_cycles_indvary2_step5_batch_yyy01.pl,no,18059
y1,exp_cycles_indvary2_step5_batch_yyy01.pl,yes,18177
c2,exp_cycles_indvary2_step5_batch_yyy02.pl,yes,17170
y2,exp_cycles_indvary2_step5_batch_yyy02.pl,yes,18570
d2,exp_cycles_indvary2_step5_batch_yyy02.pl,no,18036
d1,exp_cycles_indvary2_step5_batch_yyy02.pl,yes,19095
p2,exp_cycles_indvary2_step5_batch_yyy03.pl,yes,18157
z1,exp_cycles_indvary2_step5_batch_yyy04.pl,yes,17664
b1,exp_cycles_indvary2_step5_batch_yyy04.pl,yes,18333
r2,exp_cycles_indvary2_step5_batch_yyy05.pl,yes,18605
b3,exp_cycles_indvary2_step5_batch_yyy05.pl,no,18242
c3,exp_cycles_indvary2_step5_batch_yyy05.pl,no,18719
e1,exp_cycles_indvary2_step5_batch_yyy06.pl,no,18351
b3,exp_cycles_indvary2_step5_batch_yyy07.pl,yes,17861
b1,exp_cycles_indvary2_step5_batch_yyy07.pl,no,17236
e2,exp_cycles_indvary2_step5_batch_yyy08.pl,yes,16893
s1,exp_cycles_indvary2_step5_batch_yyy08.pl,yes,18183
v1,exp_cycles_indvary2_step5_batch_yyy08.pl,yes,19145
b3,exp_cycles_indvary2_step5_batch_yyy10.pl,no,19035
b1,exp_cycles_indvary2_step5_batch_yyy10.pl,no,17953
b1,exp_cycles_indvary2_step6_batch_yyy02.pl,no,19344
b1,exp_cycles_indvary2_step6_batch_yyy03.pl,no,18202
u1,exp_cycles_indvary2_step6_batch_yyy03.pl,yes,19049
f1,exp_cycles_indvary2_step6_batch_yyy04.pl,yes,19054
f1,exp_cycles_indvary2_step6_batch_yyy06.pl,no,18749
u1,exp_cycles_indvary2_step6_batch_yyy06.pl,yes,18822
s1,exp_cycles_indvary2_step6_batch_yyy07.pl,yes,19853
b3,exp_cycles_indvary2_step6_batch_yyy08.pl,no,19928
d1,exp_cycles_indvary2_step6_batch_yyy08.pl,no,18701
f2,exp_cycles_indvary2_step6_batch_yyy10.pl,yes,18023
b2,exp_cycles_indvary2_step6_batch_yyy10.pl,yes,18652
e1,exp_cycles_indvary2_step6_batch_yyy10.pl,no,18820
c2,exp_cycles_indvary2_step7_batch_yyy01.pl,no,19096
d2,exp_cycles_indvary2_step7_batch_yyy01.pl,no,18152
y2,exp_cycles_indvary2_step7_batch_yyy01.pl,yes,19093
a3,exp_cycles_indvary2_step7_batch_yyy02.pl,no,18478
s1,exp_cycles_indvary2_step7_batch_yyy02.pl,yes,18131
c2,exp_cycles_indvary2_step7_batch_yyy03.pl,yes,19051
p2,exp_cycles_indvary2_step7_batch_yyy03.pl,yes,17773
r1,exp_cycles_indvary2_step7_batch_yyy04.pl,yes,18700
c2,exp_cycles_indvary2_step7_batch_yyy04.pl,no,18978
e2,exp_cycles_indvary2_step7_batch_yyy05.pl,no,18532
b3,exp_cycles_indvary2_step7_batch_yyy05.pl,yes,18133
f2,exp_cycles_indvary2_step7_batch_yyy05.pl,yes,21069
c2,exp_cycles_indvary2_step7_batch_yyy06.pl,no,16053
w1,exp_cycles_indvary2_step7_batch_yyy06.pl,yes,8457
q2,exp_cycles_indvary2_step7_batch_yyy07.pl,yes,11329
b3,exp_cycles_indvary2_step7_batch_yyy07.pl,no,17105
b1,exp_cycles_indvary2_step7_batch_yyy07.pl,yes,17029
w2,exp_cycles_indvary2_step7_batch_yyy08.pl,yes,17543
f1,exp_cycles_indvary2_step7_batch_yyy08.pl,yes,17269
z2,exp_cycles_indvary2_step7_batch_yyy08.pl,yes,17346
d1,exp_cycles_indvary2_step7_batch_yyy10.pl,no,17786
b1,exp_cycles_indvary2_step8_batch_yyy01.pl,no,17228
d1,exp_cycles_indvary2_step8_batch_yyy01.pl,no,18033
r1,exp_cycles_indvary2_step8_batch_yyy01.pl,yes,17195
c3,exp_cycles_indvary2_step8_batch_yyy02.pl,no,17013
z2,exp_cycles_indvary2_step8_batch_yyy02.pl,yes,17074
a2,exp_cycles_indvary2_step8_batch_yyy03.pl,no,18286
d1,exp_cycles_indvary2_step8_batch_yyy04.pl,no,18188
q1,exp_cycles_indvary2_step8_batch_yyy05.pl,yes,18242
d2,exp_cycles_indvary2_step8_batch_yyy05.pl,yes,17759
e1,exp_cycles_indvary2_step8_batch_yyy07.pl,no,17089
q3,exp_cycles_indvary2_step8_batch_yyy08.pl,yes,18973
d1,exp_cycles_indvary2_step8_batch_yyy09.pl,no,18971
f2,exp_cycles_indvary2_step8_batch_yyy10.pl,no,18613
c3,exp_cycles_indvary2_step8_batch_yyy10.pl,yes,18112
d1,exp_cycles_indvary3_step1_batch_yyy01.pl,yes,17689
c2,exp_cycles_indvary3_step1_batch_yyy03.pl,yes,18350
e2,exp_cycles_indvary3_step1_batch_yyy03.pl,yes,18823
a1,exp_cycles_indvary3_step1_batch_yyy04.pl,no,18574
b1,exp_cycles_indvary3_step1_batch_yyy04.pl,yes,18999
a3,exp_cycles_indvary3_step1_batch_yyy04.pl,yes,18261
q4,exp_cycles_indvary3_step1_batch_yyy04.pl,yes,18267
c1,exp_cycles_indvary3_step1_batch_yyy04.pl,no,18877
y2,exp_cycles_indvary3_step1_batch_yyy05.pl,yes,17941
c2,exp_cycles_indvary3_step1_batch_yyy05.pl,no,17451
c1,exp_cycles_indvary3_step1_batch_yyy06.pl,yes,17502
f2,exp_cycles_indvary3_step1_batch_yyy06.pl,yes,17393
b3,exp_cycles_indvary3_step1_batch_yyy06.pl,no,17381
u2,exp_cycles_indvary3_step1_batch_yyy08.pl,yes,17344
b3,exp_cycles_indvary3_step1_batch_yyy08.pl,yes,17093
t1,exp_cycles_indvary3_step1_batch_yyy08.pl,yes,17510
r2,exp_cycles_indvary3_step1_batch_yyy09.pl,yes,16990
s2,exp_cycles_indvary3_step1_batch_yyy10.pl,yes,18134
d2,exp_cycles_indvary3_step1_batch_yyy10.pl,yes,18760
q2,exp_cycles_indvary3_step2_batch_yyy01.pl,yes,19868
e1,exp_cycles_indvary3_step2_batch_yyy01.pl,yes,16932
f2,exp_cycles_indvary3_step2_batch_yyy01.pl,no,18567
a2,exp_cycles_indvary3_step2_batch_yyy02.pl,yes,20132
a3,exp_cycles_indvary3_step2_batch_yyy02.pl,yes,18367
t2,exp_cycles_indvary3_step2_batch_yyy03.pl,no,19169
c3,exp_cycles_indvary3_step2_batch_yyy03.pl,yes,18003
e2,exp_cycles_indvary3_step2_batch_yyy04.pl,yes,18845
f2,exp_cycles_indvary3_step2_batch_yyy04.pl,yes,18939
a1,exp_cycles_indvary3_step2_batch_yyy05.pl,yes,18825
c1,exp_cycles_indvary3_step2_batch_yyy05.pl,yes,18845
w1,exp_cycles_indvary3_step2_batch_yyy06.pl,no,18658
b1,exp_cycles_indvary3_step2_batch_yyy08.pl,yes,19085
e2,exp_cycles_indvary3_step2_batch_yyy08.pl,yes,18988
e2,exp_cycles_indvary3_step2_batch_yyy09.pl,yes,18460
c1,exp_cycles_indvary3_step2_batch_yyy09.pl,yes,19409
c2,exp_cycles_indvary3_step2_batch_yyy10.pl,yes,18455
e1,exp_cycles_indvary3_step2_batch_yyy10.pl,yes,17799
a2,exp_cycles_indvary3_step3_batch_yyy01.pl,no,18260
c1,exp_cycles_indvary3_step3_batch_yyy01.pl,no,18747
d2,exp_cycles_indvary3_step3_batch_yyy01.pl,yes,18835
e2,exp_cycles_indvary3_step3_batch_yyy02.pl,yes,19016
t1,exp_cycles_indvary3_step3_batch_yyy03.pl,no,19128
c3,exp_cycles_indvary3_step3_batch_yyy04.pl,yes,18359
c2,exp_cycles_indvary3_step3_batch_yyy05.pl,no,17351
e2,exp_cycles_indvary3_step3_batch_yyy06.pl,yes,20754
f1,exp_cycles_indvary3_step3_batch_yyy06.pl,yes,18477
u2,exp_cycles_indvary3_step3_batch_yyy07.pl,no,19302
b1,exp_cycles_indvary3_step3_batch_yyy07.pl,yes,17609
e2,exp_cycles_indvary3_step3_batch_yyy08.pl,yes,17638
t2,exp_cycles_indvary3_step3_batch_yyy09.pl,no,18352
e1,exp_cycles_indvary3_step3_batch_yyy09.pl,yes,17834
f1,exp_cycles_indvary3_step3_batch_yyy09.pl,yes,18017
a2,exp_cycles_indvary3_step3_batch_yyy09.pl,no,18705
d2,exp_cycles_indvary3_step3_batch_yyy10.pl,yes,17161
d1,exp_cycles_indvary3_step3_batch_yyy10.pl,yes,17203
b2,exp_cycles_indvary3_step4_batch_yyy01.pl,no,17420
e1,exp_cycles_indvary3_step4_batch_yyy02.pl,no,16834
b1,exp_cycles_indvary3_step4_batch_yyy03.pl,yes,16668
e2,exp_cycles_indvary3_step4_batch_yyy04.pl,yes,17057
f1,exp_cycles_indvary3_step4_batch_yyy05.pl,yes,19362
e1,exp_cycles_indvary3_step4_batch_yyy05.pl,yes,17059
f2,exp_cycles_indvary3_step4_batch_yyy07.pl,no,17103
a1,exp_cycles_indvary3_step4_batch_yyy08.pl,yes,17328
a2,exp_cycles_indvary3_step4_batch_yyy10.pl,no,17282
c1,exp_cycles_indvary3_step4_batch_yyy10.pl,yes,17148
d1,exp_cycles_indvary3_step4_batch_yyy10.pl,yes,17250
c1,exp_cycles_indvary3_step5_batch_yyy01.pl,yes,16593
f2,exp_cycles_indvary3_step5_batch_yyy02.pl,yes,16687
c2,exp_cycles_indvary3_step5_batch_yyy02.pl,yes,17019
e1,exp_cycles_indvary3_step5_batch_yyy02.pl,yes,17554
a3,exp_cycles_indvary3_step5_batch_yyy03.pl,yes,16806
f2,exp_cycles_indvary3_step5_batch_yyy04.pl,no,16728
c3,exp_cycles_indvary3_step5_batch_yyy04.pl,no,17867
c2,exp_cycles_indvary3_step5_batch_yyy04.pl,yes,18506
c2,exp_cycles_indvary3_step5_batch_yyy05.pl,yes,18172
a2,exp_cycles_indvary3_step5_batch_yyy05.pl,yes,18037
e1,exp_cycles_indvary3_step5_batch_yyy05.pl,yes,18457
c3,exp_cycles_indvary3_step5_batch_yyy06.pl,no,18109
d1,exp_cycles_indvary3_step5_batch_yyy06.pl,yes,17681
c2,exp_cycles_indvary3_step5_batch_yyy07.pl,yes,17408
d2,exp_cycles_indvary3_step5_batch_yyy08.pl,no,17712
b2,exp_cycles_indvary3_step5_batch_yyy08.pl,yes,18239
c1,exp_cycles_indvary3_step5_batch_yyy10.pl,yes,40176
a3,exp_cycles_indvary3_step5_batch_yyy10.pl,no,17807
e1,exp_cycles_indvary3_step6_batch_yyy01.pl,yes,16506
b3,exp_cycles_indvary3_step6_batch_yyy03.pl,no,16778
e1,exp_cycles_indvary3_step6_batch_yyy03.pl,yes,17338
b1,exp_cycles_indvary3_step6_batch_yyy06.pl,yes,17797
c2,exp_cycles_indvary3_step6_batch_yyy07.pl,yes,17874
b3,exp_cycles_indvary3_step6_batch_yyy08.pl,yes,17731
a3,exp_cycles_indvary3_step6_batch_yyy08.pl,yes,17975
e1,exp_cycles_indvary3_step7_batch_yyy01.pl,yes,17451
b1,exp_cycles_indvary3_step7_batch_yyy01.pl,yes,17631
b3,exp_cycles_indvary3_step7_batch_yyy03.pl,yes,18514
c2,exp_cycles_indvary3_step7_batch_yyy03.pl,no,17909
a3,exp_cycles_indvary3_step7_batch_yyy04.pl,yes,18093
c2,exp_cycles_indvary3_step7_batch_yyy04.pl,yes,18148
b3,exp_cycles_indvary3_step7_batch_yyy06.pl,no,17892
f1,exp_cycles_indvary3_step7_batch_yyy07.pl,yes,17478
c1,exp_cycles_indvary3_step7_batch_yyy08.pl,yes,17610
a2,exp_cycles_indvary3_step7_batch_yyy08.pl,no,18471
d1,exp_cycles_indvary3_step7_batch_yyy10.pl,yes,18801
b1,exp_cycles_indvary3_step7_batch_yyy10.pl,no,17524
c2,exp_cycles_indvary3_step8_batch_yyy01.pl,yes,18301
d2,exp_cycles_indvary3_step8_batch_yyy02.pl,yes,17535
b2,exp_cycles_indvary3_step8_batch_yyy02.pl,yes,18070
d2,exp_cycles_indvary3_step8_batch_yyy04.pl,no,17664
a2,exp_cycles_indvary3_step8_batch_yyy05.pl,yes,17449
e1,exp_cycles_indvary3_step8_batch_yyy07.pl,yes,17336
c3,exp_cycles_indvary3_step8_batch_yyy07.pl,no,17025
c2,exp_cycles_indvary3_step8_batch_yyy08.pl,no,17163
c3,exp_cycles_indvary3_step8_batch_yyy08.pl,no,17133
e1,exp_cycles_indvary3_step8_batch_yyy09.pl,no,16818
b2,exp_cycles_indvary3_step8_batch_yyy10.pl,yes,16831
d2,exp_cycles_indvary3_step8_batch_yyy10.pl,yes,18127
c1,exp_cycles_indvary3_step8_batch_yyy10.pl,yes,17787
