instance,goal,verdict,duration
exp_acyclic_depvary_step10_batch_yyy01.pl,c2,timeout,120000
exp_acyclic_depvary_step10_batch_yyy01.pl,a5,no,15
exp_acyclic_depvary_step10_batch_yyy01.pl,a1,timeout,120000
exp_acyclic_depvary_step10_batch_yyy01.pl,v5,timeout,120000
exp_acyclic_depvary_step10_batch_yyy02.pl,f3,timeout,120001
exp_acyclic_depvary_step10_batch_yyy02.pl,e2,timeout,120000
exp_acyclic_depvary_step10_batch_yyy02.pl,u2,timeout,120000
exp_acyclic_depvary_step10_batch_yyy02.pl,c4,yes,0
exp_acyclic_depvary_step10_batch_yyy02.pl,a4,timeout,120000
exp_acyclic_depvary_step10_batch_yyy02.pl,a2,timeout,120000
exp_acyclic_depvary_step10_batch_yyy02.pl,a3,timeout,120000
exp_acyclic_depvary_step10_batch_yyy03.pl,c3,timeout,120001
exp_acyclic_depvary_step10_batch_yyy03.pl,q4,timeout,120000
exp_acyclic_depvary_step10_batch_yyy03.pl,u1,timeout,120000
exp_acyclic_depvary_step10_batch_yyy03.pl,v4,timeout,120000
exp_acyclic_depvary_step10_batch_yyy03.pl,x1,timeout,120000
exp_acyclic_depvary_step10_batch_yyy03.pl,a2,timeout,120001
exp_acyclic_depvary_step10_batch_yyy04.pl,s5,timeout,120003
exp_acyclic_depvary_step10_batch_yyy04.pl,f1,timeout,120000
exp_acyclic_depvary_step10_batch_yyy04.pl,d5,timeout,120000
exp_acyclic_depvary_step10_batch_yyy05.pl,e5,timeout,120000
exp_acyclic_depvary_step10_batch_yyy05.pl,b4,timeout,120000
exp_acyclic_depvary_step10_batch_yyy05.pl,d4,timeout,120000
exp_acyclic_depvary_step10_batch_yyy05.pl,a3,no,5
exp_acyclic_depvary_step10_batch_yyy05.pl,b6,yes,4
exp_acyclic_depvary_step10_batch_yyy06.pl,t2,timeout,120001
exp_acyclic_depvary_step10_batch_yyy06.pl,f3,no,2
exp_acyclic_depvary_step10_batch_yyy06.pl,f5,timeout,120000
exp_acyclic_depvary_step10_batch_yyy06.pl,a1,no,2
exp_acyclic_depvary_step10_batch_yyy07.pl,f5,timeout,120000
exp_acyclic_depvary_step10_batch_yyy07.pl,d5,timeout,120000
exp_acyclic_depvary_step10_batch_yyy08.pl,b1,yes,5
exp_acyclic_depvary_step10_batch_yyy08.pl,q5,timeout,120001
exp_acyclic_depvary_step10_batch_yyy08.pl,v5,timeout,120000
exp_acyclic_depvary_step10_batch_yyy08.pl,d5,timeout,120001
exp_acyclic_depvary_step10_batch_yyy09.pl,e1,no,6
exp_acyclic_depvary_step10_batch_yyy09.pl,q5,timeout,120000
exp_acyclic_depvary_step10_batch_yyy09.pl,u1,yes,33
exp_acyclic_depvary_step10_batch_yyy09.pl,f1,no,5
exp_acyclic_depvary_step10_batch_yyy09.pl,s1,timeout,120001
exp_acyclic_depvary_step10_batch_yyy09.pl,f2,no,2
exp_acyclic_depvary_step10_batch_yyy09.pl,c3,no,3
exp_acyclic_depvary_step10_batch_yyy10.pl,d2,yes,1
exp_acyclic_depvary_step10_batch_yyy10.pl,e1,yes,0
exp_acyclic_depvary_step10_batch_yyy10.pl,e2,no,2
exp_acyclic_depvary_step10_batch_yyy10.pl,a5,no,2
exp_acyclic_depvary_step10_batch_yyy10.pl,c4,no,4
exp_acyclic_depvary_step1_batch_yyy01.pl,t1,yes,1
exp_acyclic_depvary_step1_batch_yyy02.pl,e1,yes,0
exp_acyclic_depvary_step1_batch_yyy03.pl,d1,yes,0
exp_acyclic_depvary_step1_batch_yyy04.pl,d1,no,0
exp_acyclic_depvary_step1_batch_yyy06.pl,c1,no,0
exp_acyclic_depvary_step1_batch_yyy06.pl,b1,yes,0
exp_acyclic_depvary_step1_batch_yyy09.pl,y1,no,2
exp_acyclic_depvary_step1_batch_yyy09.pl,d1,yes,0
exp_acyclic_depvary_step1_batch_yyy10.pl,u1,yes,1
exp_acyclic_depvary_step2_batch_yyy01.pl,e1,yes,0
exp_acyclic_depvary_step2_batch_yyy01.pl,d1,no,0
exp_acyclic_depvary_step2_batch_yyy01.pl,b2,no,1
exp_acyclic_depvary_step2_batch_yyy02.pl,b1,yes,1
exp_acyclic_depvary_step2_batch_yyy02.pl,a2,no,0
exp_acyclic_depvary_step2_batch_yyy02.pl,d1,no,0
exp_acyclic_depvary_step2_batch_yyy06.pl,a2,yes,0
exp_acyclic_depvary_step2_batch_yyy06.pl,x1,no,210
exp_acyclic_depvary_step2_batch_yyy07.pl,r2,no,26
exp_acyclic_depvary_step2_batch_yyy07.pl,c1,yes,0
exp_acyclic_depvary_step2_batch_yyy08.pl,e1,yes,1
exp_acyclic_depvary_step2_batch_yyy08.pl,f1,yes,0
exp_acyclic_depvary_step2_batch_yyy09.pl,d1,yes,0
exp_acyclic_depvary_step2_batch_yyy10.pl,a2,yes,0
exp_acyclic_depvary_step2_batch_yyy10.pl,e1,no,0
exp_acyclic_depvary_step3_batch_yyy01.pl,a2,no,0
exp_acyclic_depvary_step3_batch_yyy01.pl,d1,yes,0
exp_acyclic_depvary_step3_batch_yyy02.pl,y1,no,27
exp_acyclic_depvary_step3_batch_yyy04.pl,c2,no,1
exp_acyclic_depvary_step3_batch_yyy05.pl,e2,yes,152
exp_acyclic_depvary_step3_batch_yyy05.pl,b1,no,0
exp_acyclic_depvary_step3_batch_yyy05.pl,a1,no,171
exp_acyclic_depvary_step3_batch_yyy06.pl,b2,yes,0
exp_acyclic_depvary_step3_batch_yyy07.pl,z1,no,493
exp_acyclic_depvary_step3_batch_yyy08.pl,a2,yes,1
exp_acyclic_depvary_step3_batch_yyy08.pl,c2,yes,6
exp_acyclic_depvary_step3_batch_yyy08.pl,b1,yes,8
exp_acyclic_depvary_step3_batch_yyy09.pl,w1,no,1
exp_acyclic_depvary_step3_batch_yyy10.pl,b1,no,0
exp_acyclic_depvary_step3_batch_yyy10.pl,d1,no,294
exp_acyclic_depvary_step4_batch_yyy01.pl,w2,yes,32665
exp_acyclic_depvary_step4_batch_yyy01.pl,s2,no,1457
exp_acyclic_depvary_step4_batch_yyy01.pl,c3,no,2
exp_acyclic_depvary_step4_batch_yyy01.pl,a2,no,1
exp_acyclic_depvary_step4_batch_yyy02.pl,f1,no,1
exp_acyclic_depvary_step4_batch_yyy02.pl,d2,yes,4
exp_acyclic_depvary_step4_batch_yyy02.pl,a2,no,5
exp_acyclic_depvary_step4_batch_yyy02.pl,z2,no,3
exp_acyclic_depvary_step4_batch_yyy03.pl,b2,yes,5
exp_acyclic_depvary_step4_batch_yyy04.pl,p2,no,5796
exp_acyclic_depvary_step4_batch_yyy05.pl,x1,yes,29355
exp_acyclic_depvary_step4_batch_yyy05.pl,b3,yes,1
exp_acyclic_depvary_step4_batch_yyy05.pl,a2,yes,1
exp_acyclic_depvary_step4_batch_yyy06.pl,d1,no,1
exp_acyclic_depvary_step4_batch_yyy07.pl,e1,no,0
exp_acyclic_depvary_step4_batch_yyy07.pl,b3,yes,0
exp_acyclic_depvary_step4_batch_yyy08.pl,q2,no,626
exp_acyclic_depvary_step4_batch_yyy09.pl,d2,yes,3
exp_acyclic_depvary_step4_batch_yyy10.pl,a1,yes,1
exp_acyclic_depvary_step4_batch_yyy10.pl,d1,yes,231
exp_acyclic_depvary_step5_batch_yyy01.pl,b3,yes,90
exp_acyclic_depvary_step5_batch_yyy01.pl,c3,yes,77
exp_acyclic_depvary_step5_batch_yyy02.pl,e2,no,25407
exp_acyclic_depvary_step5_batch_yyy03.pl,c2,timeout,120000
exp_acyclic_depvary_step5_batch_yyy03.pl,e3,timeout,120000
exp_acyclic_depvary_step5_batch_yyy03.pl,b2,yes,44417
exp_acyclic_depvary_step5_batch_yyy04.pl,f1,yes,45892
exp_acyclic_depvary_step5_batch_yyy04.pl,z2,no,81935
exp_acyclic_depvary_step5_batch_yyy04.pl,t1,no,29807
exp_acyclic_depvary_step5_batch_yyy05.pl,e2,yes,0
exp_acyclic_depvary_step5_batch_yyy05.pl,d1,yes,4
exp_acyclic_depvary_step5_batch_yyy05.pl,r3,no,5348
exp_acyclic_depvary_step5_batch_yyy06.pl,c2,no,19
exp_acyclic_depvary_step5_batch_yyy07.pl,s1,yes,1
exp_acyclic_depvary_step5_batch_yyy07.pl,b2,no,23950
exp_acyclic_depvary_step5_batch_yyy08.pl,b2,no,0
exp_acyclic_depvary_step5_batch_yyy09.pl,b3,no,3
exp_acyclic_depvary_step5_batch_yyy09.pl,e2,no,0
exp_acyclic_depvary_step5_batch_yyy10.pl,a2,no,1
exp_acyclic_depvary_step5_batch_yyy10.pl,q1,yes,70692
exp_acyclic_depvary_step5_batch_yyy10.pl,p2,no,3729
exp_acyclic_depvary_step5_batch_yyy10.pl,e1,no,1
exp_acyclic_depvary_step6_batch_yyy01.pl,f1,yes,2218
exp_acyclic_depvary_step6_batch_yyy01.pl,a2,no,1
exp_acyclic_depvary_step6_batch_yyy01.pl,b1,no,1
exp_acyclic_depvary_step6_batch_yyy01.pl,r1,timeout,120000
exp_acyclic_depvary_step6_batch_yyy02.pl,v2,yes,70695
exp_acyclic_depvary_step6_batch_yyy02.pl,e2,timeout,120000
exp_acyclic_depvary_step6_batch_yyy02.pl,c4,no,1
exp_acyclic_depvary_step6_batch_yyy02.pl,a3,timeout,120000
exp_acyclic_depvary_step6_batch_yyy02.pl,f2,timeout,120000
exp_acyclic_depvary_step6_batch_yyy03.pl,x1,timeout,120000
exp_acyclic_depvary_step6_batch_yyy03.pl,q2,yes,2
exp_acyclic_depvary_step6_batch_yyy03.pl,b1,no,1
exp_acyclic_depvary_step6_batch_yyy03.pl,b3,yes,0
exp_acyclic_depvary_step6_batch_yyy03.pl,c1,yes,3
exp_acyclic_depvary_step6_batch_yyy03.pl,f3,no,1
exp_acyclic_depvary_step6_batch_yyy04.pl,a3,yes,0
exp_acyclic_depvary_step6_batch_yyy04.pl,c1,no,0
exp_acyclic_depvary_step6_batch_yyy05.pl,e1,yes,0
exp_acyclic_depvary_step6_batch_yyy05.pl,r1,yes,6542
exp_acyclic_depvary_step6_batch_yyy05.pl,r3,timeout,120000
exp_acyclic_depvary_step6_batch_yyy06.pl,b3,yes,3
exp_acyclic_depvary_step6_batch_yyy06.pl,c3,yes,72
exp_acyclic_depvary_step6_batch_yyy06.pl,b2,no,1
exp_acyclic_depvary_step6_batch_yyy06.pl,b1,yes,0
exp_acyclic_depvary_step6_batch_yyy06.pl,d1,no,3135
exp_acyclic_depvary_step6_batch_yyy07.pl,c2,yes,2
exp_acyclic_depvary_step6_batch_yyy07.pl,s2,no,18991
exp_acyclic_depvary_step6_batch_yyy08.pl,a1,timeout,120000
exp_acyclic_depvary_step6_batch_yyy09.pl,a1,yes,11
exp_acyclic_depvary_step6_batch_yyy09.pl,c2,no,1
exp_acyclic_depvary_step6_batch_yyy09.pl,e1,no,13394
exp_acyclic_depvary_step6_batch_yyy09.pl,t3,no,32236
exp_acyclic_depvary_step6_batch_yyy10.pl,b1,no,19443
exp_acyclic_depvary_step7_batch_yyy01.pl,f3,no,1
exp_acyclic_depvary_step7_batch_yyy01.pl,b4,timeout,120000
exp_acyclic_depvary_step7_batch_yyy01.pl,d4,timeout,120001
exp_acyclic_depvary_step7_batch_yyy01.pl,v3,timeout,120000
exp_acyclic_depvary_step7_batch_yyy02.pl,e3,yes,3
exp_acyclic_depvary_step7_batch_yyy02.pl,d4,timeout,120000
exp_acyclic_depvary_step7_batch_yyy02.pl,c2,no,3
exp_acyclic_depvary_step7_batch_yyy02.pl,a1,no,2
exp_acyclic_depvary_step7_batch_yyy03.pl,r4,timeout,120000
exp_acyclic_depvary_step7_batch_yyy03.pl,c2,timeout,120000
exp_acyclic_depvary_step7_batch_yyy03.pl,d4,yes,3
exp_acyclic_depvary_step7_batch_yyy04.pl,e4,timeout,120000
exp_acyclic_depvary_step7_batch_yyy04.pl,f2,timeout,120000
exp_acyclic_depvary_step7_batch_yyy04.pl,b1,yes,16075
exp_acyclic_depvary_step7_batch_yyy05.pl,f2,no,4
exp_acyclic_depvary_step7_batch_yyy05.pl,a3,timeout,120000
exp_acyclic_depvary_step7_batch_yyy05.pl,b4,timeout,120000
exp_acyclic_depvary_step7_batch_yyy05.pl,f4,timeout,120000
exp_acyclic_depvary_step7_batch_yyy06.pl,f2,no,1
exp_acyclic_depvary_step7_batch_yyy06.pl,c1,yes,0
exp_acyclic_depvary_step7_batch_yyy06.pl,a1,no,2
exp_acyclic_depvary_step7_batch_yyy06.pl,d1,timeout,120000
exp_acyclic_depvary_step7_batch_yyy07.pl,b1,timeout,120000
exp_acyclic_depvary_step7_batch_yyy07.pl,c2,timeout,120000
exp_acyclic_depvary_step7_batch_yyy07.pl,d2,no,2
exp_acyclic_depvary_step7_batch_yyy07.pl,q1,yes,7735
exp_acyclic_depvary_step7_batch_yyy08.pl,d3,timeout,120000
exp_acyclic_depvary_step7_batch_yyy08.pl,e3,timeout,120000
exp_acyclic_depvary_step7_batch_yyy08.pl,a4,no,2
exp_acyclic_depvary_step7_batch_yyy08.pl,f2,timeout,120000
exp_acyclic_depvary_step7_batch_yyy08.pl,f1,yes,0
exp_acyclic_depvary_step7_batch_yyy09.pl,e3,timeout,120000
exp_acyclic_depvary_step7_batch_yyy09.pl,b4,timeout,120000
exp_acyclic_depvary_step7_batch_yyy09.pl,e2,timeout,120000
exp_acyclic_depvary_step7_batch_yyy09.pl,d1,yes,2
exp_acyclic_depvary_step7_batch_yyy09.pl,c1,timeout,120000
exp_acyclic_depvary_step7_batch_yyy09.pl,e1,no,3
exp_acyclic_depvary_step7_batch_yyy10.pl,a4,yes,0
exp_acyclic_depvary_step7_batch_yyy10.pl,d2,no,2
exp_acyclic_depvary_step7_batch_yyy10.pl,q3,timeout,120000
exp_acyclic_depvary_step8_batch_yyy01.pl,d4,timeout,120000
exp_acyclic_depvary_step8_batch_yyy01.pl,c3,timeout,120000
exp_acyclic_depvary_step8_batch_yyy01.pl,z1,yes,2
exp_acyclic_depvary_step8_batch_yyy01.pl,d3,yes,7
exp_acyclic_depvary_step8_batch_yyy01.pl,e2,timeout,120000
exp_acyclic_depvary_step8_batch_yyy02.pl,a2,timeout,120000
exp_acyclic_depvary_step8_batch_yyy02.pl,d1,timeout,120001
exp_acyclic_depvary_step8_batch_yyy02.pl,f1,timeout,120000
exp_acyclic_depvary_step8_batch_yyy02.pl,b5,yes,0
exp_acyclic_depvary_step8_batch_yyy03.pl,f1,timeout,120000
exp_acyclic_depvary_step8_batch_yyy03.pl,c3,no,1
exp_acyclic_depvary_step8_batch_yyy03.pl,y4,yes,7
exp_acyclic_depvary_step8_batch_yyy04.pl,b3,yes,5
exp_acyclic_depvary_step8_batch_yyy04.pl,b1,timeout,120000
exp_acyclic_depvary_step8_batch_yyy04.pl,u2,timeout,120001
exp_acyclic_depvary_step8_batch_yyy04.pl,e2,no,1
exp_acyclic_depvary_step8_batch_yyy04.pl,w3,timeout,120000
exp_acyclic_depvary_step8_batch_yyy04.pl,d1,timeout,120000
exp_acyclic_depvary_step8_batch_yyy04.pl,c4,timeout,120002
exp_acyclic_depvary_step8_batch_yyy05.pl,c1,yes,0
exp_acyclic_depvary_step8_batch_yyy05.pl,a5,timeout,120000
exp_acyclic_depvary_step8_batch_yyy05.pl,f3,yes,7
exp_acyclic_depvary_step8_batch_yyy05.pl,a3,timeout,120000
exp_acyclic_depvary_step8_batch_yyy06.pl,a4,no,1
exp_acyclic_depvary_step8_batch_yyy06.pl,c2,timeout,120000
exp_acyclic_depvary_step8_batch_yyy06.pl,c4,timeout,120000
exp_acyclic_depvary_step8_batch_yyy06.pl,a5,timeout,120000
exp_acyclic_depvary_step8_batch_yyy07.pl,e1,timeout,120000
exp_acyclic_depvary_step8_batch_yyy07.pl,a4,no,1
exp_acyclic_depvary_step8_batch_yyy07.pl,c4,timeout,120000
exp_acyclic_depvary_step8_batch_yyy08.pl,y4,timeout,120000
exp_acyclic_depvary_step8_batch_yyy08.pl,e3,timeout,120000
exp_acyclic_depvary_step8_batch_yyy08.pl,a2,no,2
exp_acyclic_depvary_step8_batch_yyy08.pl,d2,yes,0
exp_acyclic_depvary_step8_batch_yyy08.pl,t1,yes,240
exp_acyclic_depvary_step8_batch_yyy09.pl,d4,yes,8
exp_acyclic_depvary_step8_batch_yyy09.pl,f4,yes,3
exp_acyclic_depvary_step8_batch_yyy09.pl,c5,yes,7
exp_acyclic_depvary_step8_batch_yyy09.pl,b1,yes,4
exp_acyclic_depvary_step8_batch_yyy09.pl,f2,no,1
exp_acyclic_depvary_step8_batch_yyy09.pl,c2,no,1
exp_acyclic_depvary_step8_batch_yyy09.pl,a1,no,1
exp_acyclic_depvary_step8_batch_yyy10.pl,d3,no,2
exp_acyclic_depvary_step8_batch_yyy10.pl,f1,yes,3
exp_acyclic_depvary_step8_batch_yyy10.pl,c5,timeout,120000
exp_acyclic_depvary_step9_batch_yyy01.pl,b1,timeout,120000
exp_acyclic_depvary_step9_batch_yyy01.pl,b4,yes,0
exp_acyclic_depvary_step9_batch_yyy01.pl,e2,no,3
exp_acyclic_depvary_step9_batch_yyy02.pl,b4,yes,0
exp_acyclic_depvary_step9_batch_yyy02.pl,e1,no,1
exp_acyclic_depvary_step9_batch_yyy02.pl,a3,no,7
exp_acyclic_depvary_step9_batch_yyy02.pl,d2,yes,6
exp_acyclic_depvary_step9_batch_yyy02.pl,b5,timeout,120000
exp_acyclic_depvary_step9_batch_yyy02.pl,a1,timeout,120000
exp_acyclic_depvary_step9_batch_yyy03.pl,x4,timeout,120000
exp_acyclic_depvary_step9_batch_yyy03.pl,b3,yes,24
exp_acyclic_depvary_step9_batch_yyy03.pl,a1,no,5
exp_acyclic_depvary_step9_batch_yyy04.pl,b2,timeout,120000
exp_acyclic_depvary_step9_batch_yyy04.pl,f5,timeout,120000
exp_acyclic_depvary_step9_batch_yyy05.pl,a4,no,3
exp_acyclic_depvary_step9_batch_yyy05.pl,a5,no,3
exp_acyclic_depvary_step9_batch_yyy06.pl,f3,timeout,120000
exp_acyclic_depvary_step9_batch_yyy06.pl,a2,no,2
exp_acyclic_depvary_step9_batch_yyy06.pl,f2,timeout,120000
exp_acyclic_depvary_step9_batch_yyy07.pl,q5,timeout,120000
exp_acyclic_depvary_step9_batch_yyy07.pl,b2,no,1
exp_acyclic_depvary_step9_batch_yyy07.pl,a5,timeout,120000
exp_acyclic_depvary_step9_batch_yyy08.pl,c2,yes,0
exp_acyclic_depvary_step9_batch_yyy08.pl,b5,timeout,120000
exp_acyclic_depvary_step9_batch_yyy08.pl,z3,timeout,120001
exp_acyclic_depvary_step9_batch_yyy08.pl,b1,no,1
exp_acyclic_depvary_step9_batch_yyy08.pl,a3,timeout,120000
exp_acyclic_depvary_step9_batch_yyy08.pl,f5,no,5
exp_acyclic_depvary_step9_batch_yyy08.pl,x2,yes,10
exp_acyclic_depvary_step9_batch_yyy08.pl,c3,no,2
exp_acyclic_depvary_step9_batch_yyy09.pl,b3,timeout,120001
exp_acyclic_depvary_step9_batch_yyy09.pl,a1,no,3
exp_acyclic_depvary_step9_batch_yyy10.pl,c4,yes,0
exp_acyclic_depvary_step9_batch_yyy10.pl,t4,yes,3
exp_acyclic_depvary_step9_batch_yyy10.pl,e2,timeout,120000
exp_acyclic_depvary_step9_batch_yyy10.pl,f1,timeout,120000
exp_acyclic_depvary_step9_batch_yyy10.pl,w4,timeout,120000
exp_acyclic_indvary1_step1_batch_yyy01.pl,a1,no,1
exp_acyclic_indvary1_step1_batch_yyy01.pl,d2,yes,1
exp_acyclic_indvary1_step1_batch_yyy01.pl,a3,yes,0
exp_acyclic_indvary1_step1_batch_yyy02.pl,t1,yes,2
exp_acyclic_indvary1_step1_batch_yyy03.pl,d1,no,42
exp_acyclic_indvary1_step1_batch_yyy03.pl,e1,yes,1
exp_acyclic_indvary1_step1_batch_yyy03.pl,e2,yes,1
exp_acyclic_indvary1_step1_batch_yyy04.pl,e1,yes,1
exp_acyclic_indvary1_step1_batch_yyy04.pl,c2,no,0
exp_acyclic_indvary1_step1_batch_yyy04.pl,b2,yes,0
exp_acyclic_indvary1_step1_batch_yyy05.pl,a2,yes,2
exp_acyclic_indvary1_step1_batch_yyy06.pl,b2,no,0
exp_acyclic_indvary1_step1_batch_yyy06.pl,f2,yes,0
exp_acyclic_indvary1_step1_batch_yyy06.pl,a2,yes,0
exp_acyclic_indvary1_step1_batch_yyy06.pl,c2,yes,1
exp_acyclic_indvary1_step1_batch_yyy07.pl,c2,no,1
exp_acyclic_indvary1_step1_batch_yyy08.pl,c2,no,1
exp_acyclic_indvary1_step1_batch_yyy09.pl,c1,no,0
exp_acyclic_indvary1_step1_batch_yyy09.pl,c2,yes,0
exp_acyclic_indvary1_step1_batch_yyy10.pl,f2,no,0
exp_acyclic_indvary1_step2_batch_yyy01.pl,a1,yes,1
exp_acyclic_indvary1_step2_batch_yyy01.pl,e2,no,0
exp_acyclic_indvary1_step2_batch_yyy02.pl,e1,yes,1
exp_acyclic_indvary1_step2_batch_yyy02.pl,a3,yes,0
exp_acyclic_indvary1_step2_batch_yyy02.pl,b3,yes,5
exp_acyclic_indvary1_step2_batch_yyy02.pl,f1,yes,2
exp_acyclic_indvary1_step2_batch_yyy04.pl,s2,no,291
exp_acyclic_indvary1_step2_batch_yyy04.pl,d2,yes,0
exp_acyclic_indvary1_step2_batch_yyy04.pl,f1,yes,2
exp_acyclic_indvary1_step2_batch_yyy05.pl,w1,yes,582
exp_acyclic_indvary1_step2_batch_yyy05.pl,c1,no,1
exp_acyclic_indvary1_step2_batch_yyy05.pl,f1,yes,1979
exp_acyclic_indvary1_step2_batch_yyy05.pl,u1,no,3459
exp_acyclic_indvary1_step2_batch_yyy06.pl,x1,yes,138
exp_acyclic_indvary1_step2_batch_yyy06.pl,f2,no,73002
exp_acyclic_indvary1_step2_batch_yyy07.pl,d1,no,386
exp_acyclic_indvary1_step2_batch_yyy07.pl,q2,no,1153
exp_acyclic_indvary1_step2_batch_yyy07.pl,v1,no,3750
exp_acyclic_indvary1_step2_batch_yyy07.pl,p2,no,1691
exp_acyclic_indvary1_step2_batch_yyy07.pl,b2,no,5939
exp_acyclic_indvary1_step2_batch_yyy08.pl,w1,no,1526
exp_acyclic_indvary1_step2_batch_yyy09.pl,f2,no,0
exp_acyclic_indvary1_step2_batch_yyy09.pl,d1,yes,322
exp_acyclic_indvary1_step2_batch_yyy10.pl,q1,no,152
exp_acyclic_indvary1_step2_batch_yyy10.pl,u1,yes,138
exp_acyclic_indvary1_step2_batch_yyy10.pl,b2,no,1109
exp_acyclic_indvary1_step3_batch_yyy02.pl,a1,yes,3
exp_acyclic_indvary1_step3_batch_yyy02.pl,e1,no,0
exp_acyclic_indvary1_step3_batch_yyy02.pl,f1,yes,45
exp_acyclic_indvary1_step3_batch_yyy02.pl,a3,yes,44
exp_acyclic_indvary1_step3_batch_yyy03.pl,a3,yes,0
exp_acyclic_indvary1_step3_batch_yyy03.pl,f2,yes,1837
exp_acyclic_indvary1_step3_batch_yyy03.pl,w1,yes,6322
exp_acyclic_indvary1_step3_batch_yyy04.pl,u2,no,3066
exp_acyclic_indvary1_step3_batch_yyy04.pl,b3,no,2047
exp_acyclic_indvary1_step3_batch_yyy04.pl,a1,no,0
exp_acyclic_indvary1_step3_batch_yyy05.pl,a2,no,0
exp_acyclic_indvary1_step3_batch_yyy05.pl,v2,yes,1
exp_acyclic_indvary1_step3_batch_yyy05.pl,c3,yes,2
exp_acyclic_indvary1_step3_batch_yyy05.pl,d1,no,0
exp_acyclic_indvary1_step3_batch_yyy05.pl,b2,yes,0
exp_acyclic_indvary1_step3_batch_yyy07.pl,b3,no,0
exp_acyclic_indvary1_step3_batch_yyy07.pl,c1,yes,0
exp_acyclic_indvary1_step3_batch_yyy08.pl,f1,yes,3
exp_acyclic_indvary1_step3_batch_yyy08.pl,b2,no,1
exp_acyclic_indvary1_step3_batch_yyy08.pl,d2,no,1
exp_acyclic_indvary1_step3_batch_yyy09.pl,f1,yes,613
exp_acyclic_indvary1_step3_batch_yyy09.pl,p2,no,90649
exp_acyclic_indvary1_step3_batch_yyy09.pl,a3,no,896
exp_acyclic_indvary1_step3_batch_yyy09.pl,c1,no,1
exp_acyclic_indvary1_step3_batch_yyy10.pl,c3,no,0
exp_acyclic_indvary1_step4_batch_yyy01.pl,f1,yes,17
exp_acyclic_indvary1_step4_batch_yyy01.pl,c1,yes,190
exp_acyclic_indvary1_step4_batch_yyy02.pl,b2,no,2
exp_acyclic_indvary1_step4_batch_yyy03.pl,d2,yes,4
exp_acyclic_indvary1_step4_batch_yyy03.pl,f1,no,3654
exp_acyclic_indvary1_step4_batch_yyy04.pl,c1,yes,0
exp_acyclic_indvary1_step4_batch_yyy04.pl,f1,yes,0
exp_acyclic_indvary1_step4_batch_yyy04.pl,b3,yes,3
exp_acyclic_indvary1_step4_batch_yyy05.pl,f1,no,0
exp_acyclic_indvary1_step4_batch_yyy06.pl,c2,yes,0
exp_acyclic_indvary1_step4_batch_yyy06.pl,c3,no,0
exp_acyclic_indvary1_step4_batch_yyy07.pl,a2,yes,3
exp_acyclic_indvary1_step4_batch_yyy07.pl,e2,yes,2
exp_acyclic_indvary1_step4_batch_yyy07.pl,a1,no,1673
exp_acyclic_indvary1_step4_batch_yyy08.pl,a3,yes,0
exp_acyclic_indvary1_step4_batch_yyy08.pl,e1,no,0
exp_acyclic_indvary1_step4_batch_yyy08.pl,d1,yes,0
exp_acyclic_indvary1_step4_batch_yyy08.pl,b2,yes,1
exp_acyclic_indvary1_step4_batch_yyy09.pl,a3,yes,7
exp_acyclic_indvary1_step4_batch_yyy10.pl,f2,no,0
exp_acyclic_indvary1_step5_batch_yyy01.pl,b1,yes,0
exp_acyclic_indvary1_step5_batch_yyy01.pl,c3,yes,0
exp_acyclic_indvary1_step5_batch_yyy02.pl,d1,yes,9
exp_acyclic_indvary1_step5_batch_yyy03.pl,d2,no,33
exp_acyclic_indvary1_step5_batch_yyy03.pl,c2,yes,0
exp_acyclic_indvary1_step5_batch_yyy04.pl,c3,no,0
exp_acyclic_indvary1_step5_batch_yyy04.pl,r4,no,1
exp_acyclic_indvary1_step5_batch_yyy04.pl,e1,yes,0
exp_acyclic_indvary1_step5_batch_yyy05.pl,d2,yes,0
exp_acyclic_indvary1_step5_batch_yyy06.pl,y3,yes,1
exp_acyclic_indvary1_step5_batch_yyy06.pl,t4,yes,1
exp_acyclic_indvary1_step5_batch_yyy07.pl,c3,yes,0
exp_acyclic_indvary1_step5_batch_yyy07.pl,d1,yes,84
exp_acyclic_indvary1_step5_batch_yyy07.pl,c1,yes,62
exp_acyclic_indvary1_step5_batch_yyy08.pl,d1,yes,0
exp_acyclic_indvary1_step5_batch_yyy08.pl,c1,yes,0
exp_acyclic_indvary1_step5_batch_yyy08.pl,f1,yes,0
exp_acyclic_indvary1_step5_batch_yyy08.pl,c2,yes,0
exp_acyclic_indvary1_step5_batch_yyy09.pl,f2,no,0
exp_acyclic_indvary1_step5_batch_yyy09.pl,d1,yes,2
exp_acyclic_indvary1_step5_batch_yyy09.pl,c2,yes,0
exp_acyclic_indvary1_step5_batch_yyy10.pl,d2,yes,6
exp_acyclic_indvary1_step5_batch_yyy10.pl,a1,no,1
exp_acyclic_indvary1_step6_batch_yyy01.pl,v4,no,2
exp_acyclic_indvary1_step6_batch_yyy01.pl,q1,no,1
exp_acyclic_indvary1_step6_batch_yyy01.pl,c3,no,1
exp_acyclic_indvary1_step6_batch_yyy01.pl,x4,yes,3
exp_acyclic_indvary1_step6_batch_yyy02.pl,a3,yes,0
exp_acyclic_indvary1_step6_batch_yyy02.pl,e2,yes,0
exp_acyclic_indvary1_step6_batch_yyy02.pl,q4,yes,1
exp_acyclic_indvary1_step6_batch_yyy03.pl,v5,no,6
exp_acyclic_indvary1_step6_batch_yyy03.pl,z5,no,1
exp_acyclic_indvary1_step6_batch_yyy03.pl,b1,yes,0
exp_acyclic_indvary1_step6_batch_yyy04.pl,a2,yes,0
exp_acyclic_indvary1_step6_batch_yyy05.pl,e1,no,0
exp_acyclic_indvary1_step6_batch_yyy06.pl,x4,yes,4
exp_acyclic_indvary1_step6_batch_yyy06.pl,b1,no,0
exp_acyclic_indvary1_step6_batch_yyy06.pl,f1,yes,13
exp_acyclic_indvary1_step6_batch_yyy07.pl,e2,yes,16
exp_acyclic_indvary1_step6_batch_yyy07.pl,a2,yes,7
exp_acyclic_indvary1_step6_batch_yyy07.pl,p5,yes,0
exp_acyclic_indvary1_step6_batch_yyy08.pl,y3,yes,2
exp_acyclic_indvary1_step6_batch_yyy08.pl,b3,yes,0
exp_acyclic_indvary1_step6_batch_yyy09.pl,e2,yes,0
exp_acyclic_indvary1_step7_batch_yyy01.pl,d2,yes,0
exp_acyclic_indvary1_step7_batch_yyy01.pl,x2,yes,3
exp_acyclic_indvary1_step7_batch_yyy02.pl,b2,yes,0
exp_acyclic_indvary1_step7_batch_yyy02.pl,a3,yes,5
exp_acyclic_indvary1_step7_batch_yyy02.pl,e2,no,3
exp_acyclic_indvary1_step7_batch_yyy02.pl,e1,no,10
exp_acyclic_indvary1_step7_batch_yyy03.pl,c1,yes,0
exp_acyclic_indvary1_step7_batch_yyy05.pl,s3,yes,1
exp_acyclic_indvary1_step7_batch_yyy07.pl,e2,yes,0
exp_acyclic_indvary1_step7_batch_yyy07.pl,a3,no,1
exp_acyclic_indvary1_step7_batch_yyy08.pl,a1,yes,0
exp_acyclic_indvary1_step8_batch_yyy01.pl,f2,yes,0
exp_acyclic_indvary1_step8_batch_yyy01.pl,f1,yes,0
exp_acyclic_indvary1_step8_batch_yyy02.pl,e2,yes,0
exp_acyclic_indvary1_step8_batch_yyy03.pl,e2,yes,0
exp_acyclic_indvary1_step8_batch_yyy03.pl,c2,yes,0
exp_acyclic_indvary1_step8_batch_yyy04.pl,c3,no,0
exp_acyclic_indvary1_step8_batch_yyy05.pl,a3,yes,0
exp_acyclic_indvary1_step8_batch_yyy05.pl,v4,yes,0
exp_acyclic_indvary1_step8_batch_yyy05.pl,b2,yes,0
exp_acyclic_indvary1_step8_batch_yyy05.pl,f2,yes,0
exp_acyclic_indvary1_step8_batch_yyy06.pl,b1,yes,0
exp_acyclic_indvary1_step8_batch_yyy07.pl,e2,yes,1
exp_acyclic_indvary1_step8_batch_yyy08.pl,a3,yes,0
exp_acyclic_indvary1_step8_batch_yyy08.pl,t3,no,4
exp_acyclic_indvary1_step8_batch_yyy10.pl,c1,no,2
exp_acyclic_indvary2_step1_batch_yyy03.pl,c2,no,0
exp_acyclic_indvary2_step1_batch_yyy04.pl,e2,yes,1
exp_acyclic_indvary2_step1_batch_yyy04.pl,a1,yes,0
exp_acyclic_indvary2_step1_batch_yyy04.pl,w1,yes,2
exp_acyclic_indvary2_step1_batch_yyy05.pl,d1,no,2
exp_acyclic_indvary2_step1_batch_yyy07.pl,a2,yes,1
exp_acyclic_indvary2_step1_batch_yyy07.pl,d2,yes,0
exp_acyclic_indvary2_step1_batch_yyy08.pl,b3,yes,6
exp_acyclic_indvary2_step2_batch_yyy01.pl,a3,yes,1
exp_acyclic_indvary2_step2_batch_yyy01.pl,f2,no,4
exp_acyclic_indvary2_step2_batch_yyy01.pl,c1,no,2
exp_acyclic_indvary2_step2_batch_yyy03.pl,e2,yes,0
exp_acyclic_indvary2_step2_batch_yyy04.pl,d1,no,1
exp_acyclic_indvary2_step2_batch_yyy05.pl,c1,no,3
exp_acyclic_indvary2_step2_batch_yyy05.pl,v1,yes,8
exp_acyclic_indvary2_step2_batch_yyy05.pl,r1,timeout,120000
exp_acyclic_indvary2_step2_batch_yyy06.pl,p2,timeout,120000
exp_acyclic_indvary2_step2_batch_yyy06.pl,f2,no,2
exp_acyclic_indvary2_step2_batch_yyy06.pl,f1,yes,0
exp_acyclic_indvary2_step2_batch_yyy08.pl,e2,yes,0
exp_acyclic_indvary2_step2_batch_yyy09.pl,e1,yes,1
exp_acyclic_indvary2_step2_batch_yyy09.pl,d1,timeout,120000
exp_acyclic_indvary2_step2_batch_yyy09.pl,c3,yes,1
exp_acyclic_indvary2_step2_batch_yyy10.pl,b1,yes,11
exp_acyclic_indvary2_step2_batch_yyy10.pl,z2,timeout,120000
exp_acyclic_indvary2_step3_batch_yyy02.pl,d1,timeout,120000
exp_acyclic_indvary2_step3_batch_yyy02.pl,c2,no,1
exp_acyclic_indvary2_step3_batch_yyy04.pl,q2,timeout,120000
exp_acyclic_indvary2_step3_batch_yyy04.pl,e1,yes,3
exp_acyclic_indvary2_step3_batch_yyy05.pl,c2,no,1
exp_acyclic_indvary2_step3_batch_yyy05.pl,d1,no,4
exp_acyclic_indvary2_step3_batch_yyy05.pl,q3,timeout,120000
exp_acyclic_indvary2_step3_batch_yyy06.pl,f2,yes,1
exp_acyclic_indvary2_step3_batch_yyy06.pl,b3,no,0
exp_acyclic_indvary2_step3_batch_yyy06.pl,c2,timeout,120000
exp_acyclic_indvary2_step3_batch_yyy06.pl,f1,no,1
exp_acyclic_indvary2_step3_batch_yyy06.pl,b2,no,5
exp_acyclic_indvary2_step3_batch_yyy07.pl,e2,yes,10
exp_acyclic_indvary2_step3_batch_yyy07.pl,f1,yes,1
exp_acyclic_indvary2_step3_batch_yyy07.pl,b2,no,1
exp_acyclic_indvary2_step3_batch_yyy07.pl,b1,no,1
exp_acyclic_indvary2_step3_batch_yyy08.pl,c3,no,3
exp_acyclic_indvary2_step3_batch_yyy08.pl,e1,no,2
exp_acyclic_indvary2_step3_batch_yyy09.pl,e2,no,3
exp_acyclic_indvary2_step3_batch_yyy10.pl,b3,timeout,120000
exp_acyclic_indvary2_step3_batch_yyy10.pl,t1,timeout,120000
exp_acyclic_indvary2_step3_batch_yyy10.pl,f1,no,1
exp_acyclic_indvary2_step4_batch_yyy01.pl,q1,timeout,120000
exp_acyclic_indvary2_step4_batch_yyy03.pl,b1,timeout,120001
exp_acyclic_indvary2_step4_batch_yyy04.pl,f2,timeout,120000
exp_acyclic_indvary2_step4_batch_yyy04.pl,u1,timeout,120002
exp_acyclic_indvary2_step4_batch_yyy04.pl,b2,no,3
exp_acyclic_indvary2_step4_batch_yyy05.pl,d2,timeout,120000
exp_acyclic_indvary2_step4_batch_yyy06.pl,b2,no,4
exp_acyclic_indvary2_step4_batch_yyy08.pl,f1,timeout,120000
exp_acyclic_indvary2_step4_batch_yyy09.pl,b1,yes,1
exp_acyclic_indvary2_step4_batch_yyy10.pl,c3,no,3
exp_acyclic_indvary2_step4_batch_yyy10.pl,d1,no,3
exp_acyclic_indvary2_step5_batch_yyy01.pl,f1,yes,8
exp_acyclic_indvary2_step5_batch_yyy03.pl,t2,timeout,120001
exp_acyclic_indvary2_step5_batch_yyy03.pl,d1,yes,6
exp_acyclic_indvary2_step5_batch_yyy03.pl,s1,timeout,120000
exp_acyclic_indvary2_step5_batch_yyy03.pl,c3,yes,0
exp_acyclic_indvary2_step5_batch_yyy04.pl,c2,no,1
exp_acyclic_indvary2_step5_batch_yyy04.pl,e1,yes,8
exp_acyclic_indvary2_step5_batch_yyy04.pl,f1,no,1
exp_acyclic_indvary2_step5_batch_yyy05.pl,e1,no,2
exp_acyclic_indvary2_step5_batch_yyy06.pl,d1,no,9
exp_acyclic_indvary2_step5_batch_yyy07.pl,b1,no,3
exp_acyclic_indvary2_step5_batch_yyy07.pl,a3,timeout,120000
exp_acyclic_indvary2_step5_batch_yyy08.pl,b3,no,5
exp_acyclic_indvary2_step5_batch_yyy09.pl,a3,no,1
exp_acyclic_indvary2_step5_batch_yyy10.pl,q1,timeout,120000
exp_acyclic_indvary2_step6_batch_yyy01.pl,d2,no,6
exp_acyclic_indvary2_step6_batch_yyy01.pl,z2,timeout,120000
exp_acyclic_indvary2_step6_batch_yyy02.pl,e2,yes,14
exp_acyclic_indvary2_step6_batch_yyy02.pl,c3,no,7
exp_acyclic_indvary2_step6_batch_yyy03.pl,p3,yes,46
exp_acyclic_indvary2_step6_batch_yyy03.pl,c2,no,5
exp_acyclic_indvary2_step6_batch_yyy04.pl,c1,no,4
exp_acyclic_indvary2_step6_batch_yyy04.pl,e2,no,5
exp_acyclic_indvary2_step6_batch_yyy05.pl,a1,yes,3
exp_acyclic_indvary2_step6_batch_yyy05.pl,e1,no,6
exp_acyclic_indvary2_step6_batch_yyy05.pl,f2,no,1
exp_acyclic_indvary2_step6_batch_yyy05.pl,v2,timeout,120000
exp_acyclic_indvary2_step6_batch_yyy05.pl,b2,timeout,120003
exp_acyclic_indvary2_step6_batch_yyy05.pl,c3,no,10
exp_acyclic_indvary2_step6_batch_yyy07.pl,b1,no,2
exp_acyclic_indvary2_step6_batch_yyy07.pl,e2,no,5
exp_acyclic_indvary2_step6_batch_yyy08.pl,d1,timeout,120000
exp_acyclic_indvary2_step6_batch_yyy08.pl,c3,no,7
exp_acyclic_indvary2_step6_batch_yyy08.pl,f2,no,3
exp_acyclic_indvary2_step6_batch_yyy09.pl,d2,timeout,120000
exp_acyclic_indvary2_step6_batch_yyy09.pl,x1,yes,9
exp_acyclic_indvary2_step6_batch_yyy09.pl,e1,no,13
exp_acyclic_indvary2_step6_batch_yyy10.pl,a1,no,5
exp_acyclic_indvary2_step7_batch_yyy01.pl,c1,timeout,120000
exp_acyclic_indvary2_step7_batch_yyy01.pl,a2,no,3
exp_acyclic_indvary2_step7_batch_yyy02.pl,a1,timeout,120000
exp_acyclic_indvary2_step7_batch_yyy02.pl,c3,yes,0
exp_acyclic_indvary2_step7_batch_yyy03.pl,c3,timeout,120000
exp_acyclic_indvary2_step7_batch_yyy03.pl,d2,no,7
exp_acyclic_indvary2_step7_batch_yyy03.pl,f1,no,2
exp_acyclic_indvary2_step7_batch_yyy04.pl,d1,timeout,120000
exp_acyclic_indvary2_step7_batch_yyy05.pl,p3,timeout,120000
exp_acyclic_indvary2_step7_batch_yyy05.pl,b1,yes,0
exp_acyclic_indvary2_step7_batch_yyy07.pl,c3,no,6
exp_acyclic_indvary2_step7_batch_yyy08.pl,q1,timeout,120000
exp_acyclic_indvary2_step7_batch_yyy09.pl,a3,timeout,120000
exp_acyclic_indvary2_step8_batch_yyy01.pl,z1,timeout,120001
exp_acyclic_indvary2_step8_batch_yyy01.pl,e2,no,10
exp_acyclic_indvary2_step8_batch_yyy02.pl,d1,yes,76
exp_acyclic_indvary2_step8_batch_yyy03.pl,q3,timeout,120000
exp_acyclic_indvary2_step8_batch_yyy03.pl,c2,yes,0
exp_acyclic_indvary2_step8_batch_yyy03.pl,u1,timeout,120000
exp_acyclic_indvary2_step8_batch_yyy03.pl,q1,timeout,120000
exp_acyclic_indvary2_step8_batch_yyy05.pl,c1,no,8
exp_acyclic_indvary2_step8_batch_yyy06.pl,y2,yes,11
exp_acyclic_indvary2_step8_batch_yyy06.pl,r2,timeout,120001
exp_acyclic_indvary2_step8_batch_yyy06.pl,b1,no,18
exp_acyclic_indvary2_step8_batch_yyy06.pl,e2,yes,0
exp_acyclic_indvary2_step8_batch_yyy06.pl,d1,no,5
exp_acyclic_indvary2_step8_batch_yyy06.pl,a3,yes,0
exp_acyclic_indvary2_step8_batch_yyy07.pl,w1,timeout,120003
exp_acyclic_indvary2_step8_batch_yyy07.pl,x1,timeout,120000
exp_acyclic_indvary2_step8_batch_yyy07.pl,q2,timeout,120000
exp_acyclic_indvary2_step8_batch_yyy07.pl,b2,yes,68
exp_acyclic_indvary2_step8_batch_yyy08.pl,e1,timeout,120000
exp_acyclic_indvary2_step8_batch_yyy08.pl,d1,yes,0
exp_acyclic_indvary2_step8_batch_yyy09.pl,b2,yes,19
exp_acyclic_indvary2_step8_batch_yyy10.pl,v2,yes,31
exp_acyclic_indvary2_step8_batch_yyy10.pl,b3,yes,1
exp_acyclic_indvary3_step1_batch_yyy03.pl,b2,no,1
exp_acyclic_indvary3_step1_batch_yyy03.pl,a3,yes,18
exp_acyclic_indvary3_step1_batch_yyy04.pl,f2,yes,0
exp_acyclic_indvary3_step1_batch_yyy04.pl,b3,yes,0
exp_acyclic_indvary3_step1_batch_yyy04.pl,b1,yes,1
exp_acyclic_indvary3_step1_batch_yyy05.pl,w2,yes,1
exp_acyclic_indvary3_step1_batch_yyy06.pl,e1,no,117
exp_acyclic_indvary3_step1_batch_yyy06.pl,c1,no,0
exp_acyclic_indvary3_step1_batch_yyy07.pl,a1,yes,2
exp_acyclic_indvary3_step1_batch_yyy08.pl,p3,yes,2
exp_acyclic_indvary3_step1_batch_yyy09.pl,f2,no,0
exp_acyclic_indvary3_step1_batch_yyy09.pl,c2,yes,0
exp_acyclic_indvary3_step1_batch_yyy10.pl,d2,yes,0
exp_acyclic_indvary3_step1_batch_yyy10.pl,c1,yes,0
exp_acyclic_indvary3_step1_batch_yyy10.pl,e2,yes,0
exp_acyclic_indvary3_step1_batch_yyy10.pl,f2,yes,0
exp_acyclic_indvary3_step1_batch_yyy10.pl,c2,no,0
exp_acyclic_indvary3_step1_batch_yyy10.pl,z3,no,10
exp_acyclic_indvary3_step2_batch_yyy01.pl,w1,no,44
exp_acyclic_indvary3_step2_batch_yyy02.pl,a1,yes,0
exp_acyclic_indvary3_step2_batch_yyy02.pl,f2,yes,0
exp_acyclic_indvary3_step2_batch_yyy03.pl,a1,yes,1449
exp_acyclic_indvary3_step2_batch_yyy03.pl,e2,no,14534
exp_acyclic_indvary3_step2_batch_yyy04.pl,e2,yes,0
exp_acyclic_indvary3_step2_batch_yyy05.pl,e1,no,954
exp_acyclic_indvary3_step2_batch_yyy05.pl,a3,no,1
exp_acyclic_indvary3_step2_batch_yyy05.pl,f1,yes,0
exp_acyclic_indvary3_step2_batch_yyy07.pl,c2,yes,0
exp_acyclic_indvary3_step2_batch_yyy08.pl,s3,no,299
exp_acyclic_indvary3_step2_batch_yyy09.pl,t3,yes,374
exp_acyclic_indvary3_step2_batch_yyy09.pl,f1,no,171
exp_acyclic_indvary3_step2_batch_yyy09.pl,a3,yes,110
exp_acyclic_indvary3_step2_batch_yyy10.pl,b2,yes,0
exp_acyclic_indvary3_step2_batch_yyy10.pl,s1,no,89
exp_acyclic_indvary3_step3_batch_yyy01.pl,c2,yes,0
exp_acyclic_indvary3_step3_batch_yyy02.pl,e2,yes,0
exp_acyclic_indvary3_step3_batch_yyy03.pl,e2,yes,0
exp_acyclic_indvary3_step3_batch_yyy03.pl,f2,no,63
exp_acyclic_indvary3_step3_batch_yyy04.pl,b3,yes,0
exp_acyclic_indvary3_step3_batch_yyy04.pl,b2,no,9
exp_acyclic_indvary3_step3_batch_yyy05.pl,a2,no,0
exp_acyclic_indvary3_step3_batch_yyy06.pl,f1,yes,0
exp_acyclic_indvary3_step3_batch_yyy06.pl,b1,no,25
exp_acyclic_indvary3_step3_batch_yyy07.pl,a3,yes,2
exp_acyclic_indvary3_step3_batch_yyy07.pl,f2,yes,4
exp_acyclic_indvary3_step3_batch_yyy07.pl,a2,yes,0
exp_acyclic_indvary3_step3_batch_yyy08.pl,b2,no,477
exp_acyclic_indvary3_step3_batch_yyy08.pl,f2,no,765
exp_acyclic_indvary3_step3_batch_yyy08.pl,b3,yes,250
exp_acyclic_indvary3_step3_batch_yyy09.pl,b1,yes,0
exp_acyclic_indvary3_step3_batch_yyy09.pl,a2,yes,0
exp_acyclic_indvary3_step3_batch_yyy09.pl,c3,no,0
exp_acyclic_indvary3_step3_batch_yyy09.pl,d1,yes,20
exp_acyclic_indvary3_step4_batch_yyy03.pl,a3,yes,29
exp_acyclic_indvary3_step4_batch_yyy04.pl,b3,yes,0
exp_acyclic_indvary3_step4_batch_yyy05.pl,c3,yes,3
exp_acyclic_indvary3_step4_batch_yyy05.pl,a2,no,10
exp_acyclic_indvary3_step4_batch_yyy06.pl,b3,no,0
exp_acyclic_indvary3_step4_batch_yyy06.pl,f2,yes,2
exp_acyclic_indvary3_step4_batch_yyy06.pl,c1,yes,0
exp_acyclic_indvary3_step4_batch_yyy08.pl,c2,no,14
exp_acyclic_indvary3_step4_batch_yyy10.pl,c2,yes,0
exp_acyclic_indvary3_step4_batch_yyy10.pl,e1,yes,4
exp_acyclic_indvary3_step5_batch_yyy02.pl,c3,yes,0
exp_acyclic_indvary3_step5_batch_yyy02.pl,e1,no,158
exp_acyclic_indvary3_step5_batch_yyy03.pl,a3,no,11
exp_acyclic_indvary3_step5_batch_yyy03.pl,f1,yes,59
exp_acyclic_indvary3_step5_batch_yyy03.pl,b1,yes,0
exp_acyclic_indvary3_step5_batch_yyy04.pl,e1,yes,36
exp_acyclic_indvary3_step5_batch_yyy04.pl,b1,yes,30
exp_acyclic_indvary3_step5_batch_yyy05.pl,a3,yes,0
exp_acyclic_indvary3_step5_batch_yyy05.pl,c2,yes,62
exp_acyclic_indvary3_step5_batch_yyy06.pl,c2,yes,0
exp_acyclic_indvary3_step5_batch_yyy06.pl,a3,yes,0
exp_acyclic_indvary3_step5_batch_yyy06.pl,d2,yes,6
exp_acyclic_indvary3_step5_batch_yyy07.pl,c1,yes,89
exp_acyclic_indvary3_step5_batch_yyy07.pl,e2,yes,0
exp_acyclic_indvary3_step5_batch_yyy09.pl,c2,yes,1
exp_acyclic_indvary3_step6_batch_yyy01.pl,b2,yes,0
exp_acyclic_indvary3_step6_batch_yyy02.pl,c3,no,24
exp_acyclic_indvary3_step6_batch_yyy03.pl,b1,yes,0
exp_acyclic_indvary3_step6_batch_yyy04.pl,b3,yes,10
exp_acyclic_indvary3_step6_batch_yyy05.pl,b2,yes,25
exp_acyclic_indvary3_step6_batch_yyy06.pl,d1,yes,0
exp_acyclic_indvary3_step6_batch_yyy07.pl,d2,no,0
exp_acyclic_indvary3_step6_batch_yyy07.pl,a1,yes,0
exp_acyclic_indvary3_step6_batch_yyy07.pl,c1,yes,0
exp_acyclic_indvary3_step6_batch_yyy08.pl,d2,yes,7
exp_acyclic_indvary3_step6_batch_yyy08.pl,c2,yes,10
exp_acyclic_indvary3_step6_batch_yyy09.pl,e1,yes,0
exp_acyclic_indvary3_step6_batch_yyy10.pl,c2,yes,2
exp_acyclic_indvary3_step6_batch_yyy10.pl,e2,yes,0
exp_acyclic_indvary3_step7_batch_yyy01.pl,a3,yes,0
exp_acyclic_indvary3_step7_batch_yyy02.pl,c2,yes,6
exp_acyclic_indvary3_step7_batch_yyy02.pl,b3,yes,0
exp_acyclic_indvary3_step7_batch_yyy02.pl,a3,yes,5
exp_acyclic_indvary3_step7_batch_yyy03.pl,e1,no,2
exp_acyclic_indvary3_step7_batch_yyy03.pl,c1,yes,0
exp_acyclic_indvary3_step7_batch_yyy04.pl,b3,yes,0
exp_acyclic_indvary3_step7_batch_yyy05.pl,a3,yes,22
exp_acyclic_indvary3_step7_batch_yyy06.pl,c3,yes,2
exp_acyclic_indvary3_step7_batch_yyy06.pl,e2,yes,0
exp_acyclic_indvary3_step7_batch_yyy07.pl,c3,yes,0
exp_acyclic_indvary3_step7_batch_yyy08.pl,c3,yes,0
exp_acyclic_indvary3_step7_batch_yyy08.pl,b1,yes,9
exp_acyclic_indvary3_step7_batch_yyy09.pl,a1,yes,0
exp_acyclic_indvary3_step7_batch_yyy09.pl,b3,yes,9
exp_acyclic_indvary3_step7_batch_yyy10.pl,a1,yes,19
exp_acyclic_indvary3_step8_batch_yyy01.pl,d1,yes,0
exp_acyclic_indvary3_step8_batch_yyy01.pl,f2,yes,16
exp_acyclic_indvary3_step8_batch_yyy03.pl,e1,yes,4
exp_acyclic_indvary3_step8_batch_yyy04.pl,a1,yes,0
exp_acyclic_indvary3_step8_batch_yyy05.pl,f2,yes,4
exp_acyclic_indvary3_step8_batch_yyy05.pl,b1,yes,4
exp_acyclic_indvary3_step8_batch_yyy05.pl,b3,yes,0
exp_acyclic_indvary3_step8_batch_yyy06.pl,e1,yes,49
exp_acyclic_indvary3_step8_batch_yyy07.pl,e2,no,13
exp_acyclic_indvary3_step8_batch_yyy08.pl,c2,yes,25
exp_acyclic_indvary3_step8_batch_yyy09.pl,e2,yes,18
exp_acyclic_indvary3_step8_batch_yyy09.pl,a2,yes,18
exp_acyclic_indvary3_step8_batch_yyy10.pl,a3,yes,0
exp_acyclic_indvary3_step8_batch_yyy10.pl,c2,yes,7
exp_cycles_depvary_step10_batch_yyy01.pl,u5,timeout,120000
exp_cycles_depvary_step10_batch_yyy01.pl,s3,timeout,120000
exp_cycles_depvary_step10_batch_yyy01.pl,c3,yes,0
exp_cycles_depvary_step10_batch_yyy01.pl,f4,yes,0
exp_cycles_depvary_step10_batch_yyy02.pl,d4,timeout,120000
exp_cycles_depvary_step10_batch_yyy02.pl,a2,yes,1
exp_cycles_depvary_step10_batch_yyy02.pl,y2,yes,14
exp_cycles_depvary_step10_batch_yyy02.pl,c2,yes,0
exp_cycles_depvary_step10_batch_yyy02.pl,b1,yes,4
exp_cycles_depvary_step10_batch_yyy02.pl,d3,timeout,120000
exp_cycles_depvary_step10_batch_yyy03.pl,e4,no,3
exp_cycles_depvary_step10_batch_yyy03.pl,e2,no,6
exp_cycles_depvary_step10_batch_yyy03.pl,c3,yes,32
exp_cycles_depvary_step10_batch_yyy03.pl,c2,no,2
exp_cycles_depvary_step10_batch_yyy04.pl,s2,yes,16
exp_cycles_depvary_step10_batch_yyy04.pl,e2,no,2
exp_cycles_depvary_step10_batch_yyy04.pl,f5,timeout,120000
exp_cycles_depvary_step10_batch_yyy04.pl,e1,timeout,120000
exp_cycles_depvary_step10_batch_yyy04.pl,b1,timeout,120000
exp_cycles_depvary_step10_batch_yyy05.pl,f2,yes,1
exp_cycles_depvary_step10_batch_yyy05.pl,e4,no,5
exp_cycles_depvary_step10_batch_yyy05.pl,v4,timeout,120000
exp_cycles_depvary_step10_batch_yyy05.pl,d3,yes,7
exp_cycles_depvary_step10_batch_yyy05.pl,c5,timeout,120000
exp_cycles_depvary_step10_batch_yyy05.pl,e2,timeout,120000
exp_cycles_depvary_step10_batch_yyy06.pl,e4,timeout,120000
exp_cycles_depvary_step10_batch_yyy06.pl,f5,timeout,120000
exp_cycles_depvary_step10_batch_yyy06.pl,c5,timeout,120000
exp_cycles_depvary_step10_batch_yyy07.pl,b4,no,6
exp_cycles_depvary_step10_batch_yyy07.pl,t4,timeout,120000
exp_cycles_depvary_step10_batch_yyy07.pl,a3,no,7
exp_cycles_depvary_step10_batch_yyy07.pl,e4,yes,6
exp_cycles_depvary_step10_batch_yyy07.pl,b2,timeout,120000
exp_cycles_depvary_step10_batch_yyy08.pl,c2,timeout,120000
exp_cycles_depvary_step10_batch_yyy08.pl,c5,timeout,120001
exp_cycles_depvary_step10_batch_yyy08.pl,b3,timeout,120001
exp_cycles_depvary_step10_batch_yyy08.pl,d5,timeout,120000
exp_cycles_depvary_step10_batch_yyy08.pl,d1,timeout,120000
exp_cycles_depvary_step10_batch_yyy08.pl,c6,no,2
exp_cycles_depvary_step10_batch_yyy08.pl,d2,no,7
exp_cycles_depvary_step10_batch_yyy09.pl,s4,timeout,120000
exp_cycles_depvary_step10_batch_yyy09.pl,c4,timeout,120000
exp_cycles_depvary_step10_batch_yyy09.pl,u2,timeout,120000
exp_cycles_depvary_step10_batch_yyy09.pl,e4,yes,3
exp_cycles_depvary_step10_batch_yyy09.pl,p4,timeout,120000
exp_cycles_depvary_step10_batch_yyy09.pl,a6,no,7
exp_cycles_depvary_step10_batch_yyy09.pl,w1,no,3
exp_cycles_depvary_step10_batch_yyy10.pl,d4,timeout,120000
exp_cycles_depvary_step10_batch_yyy10.pl,a2,timeout,120000
exp_cycles_depvary_step10_batch_yyy10.pl,u3,timeout,120000
exp_cycles_depvary_step1_batch_yyy01.pl,v1,yes,0
exp_cycles_depvary_step1_batch_yyy04.pl,x1,yes,0
exp_cycles_depvary_step1_batch_yyy07.pl,d1,yes,0
exp_cycles_depvary_step2_batch_yyy01.pl,e1,no,0
exp_cycles_depvary_step2_batch_yyy01.pl,y1,yes,11
exp_cycles_depvary_step2_batch_yyy02.pl,q1,yes,0
exp_cycles_depvary_step2_batch_yyy03.pl,e1,no,0
exp_cycles_depvary_step2_batch_yyy03.pl,a2,no,0
exp_cycles_depvary_step2_batch_yyy05.pl,r2,yes,0
exp_cycles_depvary_step2_batch_yyy05.pl,f1,yes,1
exp_cycles_depvary_step2_batch_yyy06.pl,r2,no,0
exp_cycles_depvary_step2_batch_yyy06.pl,b2,no,0
exp_cycles_depvary_step2_batch_yyy07.pl,b2,no,240
exp_cycles_depvary_step2_batch_yyy08.pl,t1,yes,0
exp_cycles_depvary_step2_batch_yyy08.pl,d1,yes,0
exp_cycles_depvary_step2_batch_yyy09.pl,d1,yes,0
exp_cycles_depvary_step2_batch_yyy09.pl,b2,no,0
exp_cycles_depvary_step2_batch_yyy10.pl,e1,yes,0
exp_cycles_depvary_step3_batch_yyy01.pl,f2,no,9866
exp_cycles_depvary_step3_batch_yyy01.pl,b2,no,26007
exp_cycles_depvary_step3_batch_yyy02.pl,p2,no,14799
exp_cycles_depvary_step3_batch_yyy02.pl,e1,yes,2419
exp_cycles_depvary_step3_batch_yyy02.pl,a2,no,0
exp_cycles_depvary_step3_batch_yyy03.pl,e2,yes,1
exp_cycles_depvary_step3_batch_yyy04.pl,a1,no,0
exp_cycles_depvary_step3_batch_yyy04.pl,c1,yes,1
exp_cycles_depvary_step3_batch_yyy05.pl,c1,yes,1355
exp_cycles_depvary_step3_batch_yyy07.pl,q2,yes,255
exp_cycles_depvary_step3_batch_yyy07.pl,a1,no,903
exp_cycles_depvary_step3_batch_yyy08.pl,a1,yes,3
exp_cycles_depvary_step3_batch_yyy08.pl,d2,yes,4
exp_cycles_depvary_step3_batch_yyy08.pl,d1,yes,0
exp_cycles_depvary_step3_batch_yyy08.pl,v1,no,296
exp_cycles_depvary_step3_batch_yyy08.pl,r2,no,42
exp_cycles_depvary_step3_batch_yyy09.pl,a1,yes,0
exp_cycles_depvary_step3_batch_yyy09.pl,r1,no,443
exp_cycles_depvary_step3_batch_yyy09.pl,b2,no,0
exp_cycles_depvary_step3_batch_yyy10.pl,w1,yes,325
exp_cycles_depvary_step4_batch_yyy01.pl,c3,yes,171
exp_cycles_depvary_step4_batch_yyy02.pl,v2,yes,4
exp_cycles_depvary_step4_batch_yyy02.pl,c2,no,0
exp_cycles_depvary_step4_batch_yyy03.pl,f2,no,0
exp_cycles_depvary_step4_batch_yyy04.pl,c2,no,11047
exp_cycles_depvary_step4_batch_yyy04.pl,f1,no,1
exp_cycles_depvary_step4_batch_yyy04.pl,p2,yes,3881
exp_cycles_depvary_step4_batch_yyy05.pl,a3,no,0
exp_cycles_depvary_step4_batch_yyy05.pl,f1,no,0
exp_cycles_depvary_step4_batch_yyy06.pl,c3,timeout,120000
exp_cycles_depvary_step4_batch_yyy06.pl,f1,timeout,120000
exp_cycles_depvary_step4_batch_yyy07.pl,f1,yes,820
exp_cycles_depvary_step4_batch_yyy08.pl,c1,no,5
exp_cycles_depvary_step4_batch_yyy08.pl,f1,no,2
exp_cycles_depvary_step4_batch_yyy08.pl,b3,yes,0
exp_cycles_depvary_step4_batch_yyy08.pl,y2,yes,2697
exp_cycles_depvary_step4_batch_yyy09.pl,c1,yes,0
exp_cycles_depvary_step4_batch_yyy10.pl,b3,no,18482
exp_cycles_depvary_step4_batch_yyy10.pl,v1,no,10095
exp_cycles_depvary_step4_batch_yyy10.pl,r3,no,0
exp_cycles_depvary_step5_batch_yyy01.pl,c3,no,1
exp_cycles_depvary_step5_batch_yyy01.pl,a2,no,1
exp_cycles_depvary_step5_batch_yyy01.pl,e1,no,5
exp_cycles_depvary_step5_batch_yyy01.pl,f2,no,1
exp_cycles_depvary_step5_batch_yyy02.pl,d1,timeout,120000
exp_cycles_depvary_step5_batch_yyy03.pl,c1,yes,403
exp_cycles_depvary_step5_batch_yyy03.pl,f3,yes,32856
exp_cycles_depvary_step5_batch_yyy03.pl,v2,timeout,120000
exp_cycles_depvary_step5_batch_yyy03.pl,d1,yes,353
exp_cycles_depvary_step5_batch_yyy04.pl,d1,timeout,120000
exp_cycles_depvary_step5_batch_yyy04.pl,c3,yes,82871
exp_cycles_depvary_step5_batch_yyy04.pl,p2,timeout,120000
exp_cycles_depvary_step5_batch_yyy05.pl,x2,timeout,120000
exp_cycles_depvary_step5_batch_yyy07.pl,f1,yes,2
exp_cycles_depvary_step5_batch_yyy07.pl,e2,no,1
exp_cycles_depvary_step5_batch_yyy08.pl,b2,yes,20092
exp_cycles_depvary_step5_batch_yyy08.pl,p1,timeout,120000
exp_cycles_depvary_step5_batch_yyy08.pl,d2,timeout,120000
exp_cycles_depvary_step5_batch_yyy10.pl,a1,yes,1
exp_cycles_depvary_step5_batch_yyy10.pl,e1,timeout,120000
exp_cycles_depvary_step5_batch_yyy10.pl,z1,yes,2
exp_cycles_depvary_step6_batch_yyy01.pl,a3,yes,0
exp_cycles_depvary_step6_batch_yyy01.pl,f3,no,1
exp_cycles_depvary_step6_batch_yyy01.pl,c2,no,3
exp_cycles_depvary_step6_batch_yyy02.pl,d1,yes,104369
exp_cycles_depvary_step6_batch_yyy03.pl,a2,no,3
exp_cycles_depvary_step6_batch_yyy04.pl,b2,no,0
exp_cycles_depvary_step6_batch_yyy04.pl,f1,timeout,120000
exp_cycles_depvary_step6_batch_yyy05.pl,u2,timeout,120000
exp_cycles_depvary_step6_batch_yyy06.pl,f1,no,1
exp_cycles_depvary_step6_batch_yyy06.pl,v3,timeout,120000
exp_cycles_depvary_step6_batch_yyy07.pl,c1,no,1
exp_cycles_depvary_step6_batch_yyy07.pl,a4,yes,2
exp_cycles_depvary_step6_batch_yyy07.pl,b2,timeout,120000
exp_cycles_depvary_step6_batch_yyy08.pl,f1,yes,0
exp_cycles_depvary_step6_batch_yyy08.pl,b2,timeout,120000
exp_cycles_depvary_step6_batch_yyy08.pl,e2,timeout,120000
exp_cycles_depvary_step6_batch_yyy08.pl,a4,timeout,120000
exp_cycles_depvary_step6_batch_yyy09.pl,b2,no,3
exp_cycles_depvary_step6_batch_yyy09.pl,f1,yes,2
exp_cycles_depvary_step6_batch_yyy09.pl,c1,yes,0
exp_cycles_depvary_step6_batch_yyy09.pl,f3,no,2
exp_cycles_depvary_step7_batch_yyy01.pl,q1,timeout,120000
exp_cycles_depvary_step7_batch_yyy01.pl,x3,timeout,120000
exp_cycles_depvary_step7_batch_yyy01.pl,e4,timeout,120000
exp_cycles_depvary_step7_batch_yyy02.pl,a1,timeout,120000
exp_cycles_depvary_step7_batch_yyy02.pl,e3,yes,0
exp_cycles_depvary_step7_batch_yyy02.pl,d3,no,2
exp_cycles_depvary_step7_batch_yyy03.pl,f4,yes,0
exp_cycles_depvary_step7_batch_yyy03.pl,f2,timeout,120000
exp_cycles_depvary_step7_batch_yyy04.pl,f4,yes,0
exp_cycles_depvary_step7_batch_yyy04.pl,t1,timeout,120000
exp_cycles_depvary_step7_batch_yyy04.pl,q2,yes,3
exp_cycles_depvary_step7_batch_yyy04.pl,s1,timeout,120000
exp_cycles_depvary_step7_batch_yyy05.pl,b2,no,1
exp_cycles_depvary_step7_batch_yyy05.pl,c2,timeout,120000
exp_cycles_depvary_step7_batch_yyy05.pl,c1,yes,3
exp_cycles_depvary_step7_batch_yyy06.pl,a1,yes,5
exp_cycles_depvary_step7_batch_yyy06.pl,e4,no,5
exp_cycles_depvary_step7_batch_yyy06.pl,a3,timeout,120000
exp_cycles_depvary_step7_batch_yyy06.pl,p2,timeout,120000
exp_cycles_depvary_step7_batch_yyy07.pl,f4,no,2
exp_cycles_depvary_step7_batch_yyy07.pl,e4,yes,1
exp_cycles_depvary_step7_batch_yyy07.pl,a1,no,3
exp_cycles_depvary_step7_batch_yyy07.pl,a2,timeout,120000
exp_cycles_depvary_step7_batch_yyy08.pl,c4,yes,0
exp_cycles_depvary_step7_batch_yyy08.pl,c1,timeout,120000
exp_cycles_depvary_step7_batch_yyy08.pl,s2,timeout,120000
exp_cycles_depvary_step7_batch_yyy09.pl,v4,timeout,120000
exp_cycles_depvary_step7_batch_yyy09.pl,c2,yes,0
exp_cycles_depvary_step7_batch_yyy09.pl,f3,no,1
exp_cycles_depvary_step7_batch_yyy10.pl,q1,timeout,120000
exp_cycles_depvary_step7_batch_yyy10.pl,b1,yes,12
exp_cycles_depvary_step7_batch_yyy10.pl,v4,timeout,120000
exp_cycles_depvary_step8_batch_yyy01.pl,f3,no,1
exp_cycles_depvary_step8_batch_yyy01.pl,f4,yes,10
exp_cycles_depvary_step8_batch_yyy01.pl,c4,timeout,120000
exp_cycles_depvary_step8_batch_yyy01.pl,b5,timeout,120000
exp_cycles_depvary_step8_batch_yyy02.pl,d4,timeout,120000
exp_cycles_depvary_step8_batch_yyy02.pl,b1,timeout,120000
exp_cycles_depvary_step8_batch_yyy02.pl,c1,timeout,120000
exp_cycles_depvary_step8_batch_yyy02.pl,f2,timeout,120000
exp_cycles_depvary_step8_batch_yyy02.pl,b4,yes,8
exp_cycles_depvary_step8_batch_yyy03.pl,b3,yes,1
exp_cycles_depvary_step8_batch_yyy03.pl,b1,timeout,120000
exp_cycles_depvary_step8_batch_yyy03.pl,d3,yes,2
exp_cycles_depvary_step8_batch_yyy04.pl,a5,timeout,120000
exp_cycles_depvary_step8_batch_yyy04.pl,f4,yes,0
exp_cycles_depvary_step8_batch_yyy04.pl,s3,timeout,120000
exp_cycles_depvary_step8_batch_yyy05.pl,b5,timeout,120000
exp_cycles_depvary_step8_batch_yyy05.pl,e2,timeout,120000
exp_cycles_depvary_step8_batch_yyy05.pl,b2,yes,5
exp_cycles_depvary_step8_batch_yyy05.pl,e4,timeout,120000
exp_cycles_depvary_step8_batch_yyy06.pl,d3,yes,9
exp_cycles_depvary_step8_batch_yyy06.pl,b3,no,1
exp_cycles_depvary_step8_batch_yyy06.pl,d1,timeout,120000
exp_cycles_depvary_step8_batch_yyy07.pl,w3,timeout,120001
exp_cycles_depvary_step8_batch_yyy07.pl,e3,timeout,120000
exp_cycles_depvary_step8_batch_yyy07.pl,b3,yes,3
exp_cycles_depvary_step8_batch_yyy08.pl,c2,no,4
exp_cycles_depvary_step8_batch_yyy08.pl,p4,timeout,120000
exp_cycles_depvary_step8_batch_yyy09.pl,y3,timeout,120000
exp_cycles_depvary_step8_batch_yyy09.pl,a2,no,6
exp_cycles_depvary_step8_batch_yyy09.pl,b1,no,4
exp_cycles_depvary_step8_batch_yyy10.pl,e1,yes,4
exp_cycles_depvary_step8_batch_yyy10.pl,d3,no,4
exp_cycles_depvary_step9_batch_yyy01.pl,a1,timeout,120000
exp_cycles_depvary_step9_batch_yyy01.pl,c2,no,2
exp_cycles_depvary_step9_batch_yyy01.pl,t2,timeout,120001
exp_cycles_depvary_step9_batch_yyy01.pl,c5,timeout,120000
exp_cycles_depvary_step9_batch_yyy02.pl,c2,yes,0
exp_cycles_depvary_step9_batch_yyy02.pl,e5,no,4
exp_cycles_depvary_step9_batch_yyy02.pl,b3,timeout,120000
exp_cycles_depvary_step9_batch_yyy03.pl,f1,yes,0
exp_cycles_depvary_step9_batch_yyy03.pl,q5,no,3
exp_cycles_depvary_step9_batch_yyy03.pl,b3,timeout,120000
exp_cycles_depvary_step9_batch_yyy03.pl,e4,no,1
exp_cycles_depvary_step9_batch_yyy03.pl,x3,timeout,120000
exp_cycles_depvary_step9_batch_yyy04.pl,a4,timeout,120000
exp_cycles_depvary_step9_batch_yyy04.pl,b2,timeout,120000
exp_cycles_depvary_step9_batch_yyy04.pl,c3,timeout,120000
exp_cycles_depvary_step9_batch_yyy05.pl,b1,timeout,120001
exp_cycles_depvary_step9_batch_yyy05.pl,d4,timeout,120000
exp_cycles_depvary_step9_batch_yyy05.pl,p1,timeout,120000
exp_cycles_depvary_step9_batch_yyy05.pl,e1,timeout,120000
exp_cycles_depvary_step9_batch_yyy05.pl,f1,timeout,120000
exp_cycles_depvary_step9_batch_yyy06.pl,f3,no,2
exp_cycles_depvary_step9_batch_yyy06.pl,c3,yes,5
exp_cycles_depvary_step9_batch_yyy06.pl,e1,timeout,120000
exp_cycles_depvary_step9_batch_yyy06.pl,d5,timeout,120000
exp_cycles_depvary_step9_batch_yyy06.pl,q5,yes,7
exp_cycles_depvary_step9_batch_yyy07.pl,f5,timeout,120001
exp_cycles_depvary_step9_batch_yyy07.pl,f3,no,8
exp_cycles_depvary_step9_batch_yyy07.pl,e5,no,10
exp_cycles_depvary_step9_batch_yyy07.pl,a3,timeout,120000
exp_cycles_depvary_step9_batch_yyy08.pl,y2,timeout,120000
exp_cycles_depvary_step9_batch_yyy08.pl,v3,timeout,120000
exp_cycles_depvary_step9_batch_yyy08.pl,e3,yes,10
exp_cycles_depvary_step9_batch_yyy08.pl,e5,no,5
exp_cycles_depvary_step9_batch_yyy08.pl,c3,yes,7
exp_cycles_depvary_step9_batch_yyy09.pl,a1,timeout,120000
exp_cycles_depvary_step9_batch_yyy09.pl,d2,timeout,120000
exp_cycles_depvary_step9_batch_yyy09.pl,f5,timeout,120000
exp_cycles_depvary_step9_batch_yyy10.pl,d3,timeout,120000
exp_cycles_depvary_step9_batch_yyy10.pl,f4,timeout,120000
exp_cycles_indvary1_step1_batch_yyy01.pl,c3,yes,0
exp_cycles_indvary1_step1_batch_yyy02.pl,d2,no,0
exp_cycles_indvary1_step1_batch_yyy03.pl,f2,yes,1
exp_cycles_indvary1_step1_batch_yyy05.pl,c2,no,75
exp_cycles_indvary1_step1_batch_yyy07.pl,c3,no,0
exp_cycles_indvary1_step1_batch_yyy08.pl,b2,no,8
exp_cycles_indvary1_step1_batch_yyy09.pl,a3,no,1
exp_cycles_indvary1_step1_batch_yyy10.pl,a2,no,0
exp_cycles_indvary1_step2_batch_yyy01.pl,a2,no,2
exp_cycles_indvary1_step2_batch_yyy01.pl,c3,no,1
exp_cycles_indvary1_step2_batch_yyy01.pl,a1,yes,0
exp_cycles_indvary1_step2_batch_yyy02.pl,f2,no,0
exp_cycles_indvary1_step2_batch_yyy02.pl,q1,no,221
exp_cycles_indvary1_step2_batch_yyy03.pl,b2,no,0
exp_cycles_indvary1_step2_batch_yyy03.pl,c1,no,0
exp_cycles_indvary1_step2_batch_yyy03.pl,c3,yes,11
exp_cycles_indvary1_step2_batch_yyy03.pl,a1,no,42655
exp_cycles_indvary1_step2_batch_yyy04.pl,b1,timeout,120000
exp_cycles_indvary1_step2_batch_yyy04.pl,c2,yes,1
exp_cycles_indvary1_step2_batch_yyy04.pl,d1,yes,1
exp_cycles_indvary1_step2_batch_yyy05.pl,b2,no,22180
exp_cycles_indvary1_step2_batch_yyy05.pl,f1,yes,2
exp_cycles_indvary1_step2_batch_yyy05.pl,f2,yes,3
exp_cycles_indvary1_step2_batch_yyy05.pl,e1,no,36573
exp_cycles_indvary1_step2_batch_yyy07.pl,d1,yes,1
exp_cycles_indvary1_step2_batch_yyy07.pl,p1,yes,25
exp_cycles_indvary1_step2_batch_yyy07.pl,f1,no,0
exp_cycles_indvary1_step2_batch_yyy08.pl,w1,yes,153
exp_cycles_indvary1_step2_batch_yyy08.pl,b1,no,26737
exp_cycles_indvary1_step2_batch_yyy08.pl,f2,yes,0
exp_cycles_indvary1_step2_batch_yyy08.pl,s1,yes,32044
exp_cycles_indvary1_step2_batch_yyy09.pl,d1,timeout,120000
exp_cycles_indvary1_step2_batch_yyy09.pl,b2,timeout,120000
exp_cycles_indvary1_step3_batch_yyy01.pl,t2,no,42649
exp_cycles_indvary1_step3_batch_yyy01.pl,e1,timeout,120000
exp_cycles_indvary1_step3_batch_yyy02.pl,b2,yes,2
exp_cycles_indvary1_step3_batch_yyy02.pl,t2,no,6575
exp_cycles_indvary1_step3_batch_yyy02.pl,w1,no,6380
exp_cycles_indvary1_step3_batch_yyy03.pl,a2,timeout,120000
exp_cycles_indvary1_step3_batch_yyy03.pl,q2,no,0
exp_cycles_indvary1_step3_batch_yyy04.pl,c2,no,0
exp_cycles_indvary1_step3_batch_yyy04.pl,b2,no,45753
exp_cycles_indvary1_step3_batch_yyy05.pl,f1,no,3
exp_cycles_indvary1_step3_batch_yyy05.pl,x2,no,86861
exp_cycles_indvary1_step3_batch_yyy06.pl,a2,yes,0
exp_cycles_indvary1_step3_batch_yyy06.pl,b2,yes,14
exp_cycles_indvary1_step3_batch_yyy06.pl,a1,yes,11
exp_cycles_indvary1_step3_batch_yyy07.pl,c3,yes,0
exp_cycles_indvary1_step3_batch_yyy07.pl,w2,timeout,120000
exp_cycles_indvary1_step3_batch_yyy07.pl,b2,timeout,120000
exp_cycles_indvary1_step3_batch_yyy08.pl,d1,timeout,120000
exp_cycles_indvary1_step3_batch_yyy08.pl,b1,yes,0
exp_cycles_indvary1_step3_batch_yyy09.pl,c3,timeout,120000
exp_cycles_indvary1_step3_batch_yyy10.pl,a1,yes,0
exp_cycles_indvary1_step3_batch_yyy10.pl,f1,yes,31781
exp_cycles_indvary1_step4_batch_yyy01.pl,f1,no,0
exp_cycles_indvary1_step4_batch_yyy01.pl,c1,no,1
exp_cycles_indvary1_step4_batch_yyy02.pl,v1,no,1
exp_cycles_indvary1_step4_batch_yyy02.pl,a2,no,2
exp_cycles_indvary1_step4_batch_yyy03.pl,a2,no,2429
exp_cycles_indvary1_step4_batch_yyy04.pl,a3,no,1
exp_cycles_indvary1_step4_batch_yyy05.pl,d2,yes,0
exp_cycles_indvary1_step4_batch_yyy07.pl,b2,yes,1
exp_cycles_indvary1_step4_batch_yyy07.pl,b3,yes,1
exp_cycles_indvary1_step4_batch_yyy08.pl,d1,yes,5
exp_cycles_indvary1_step4_batch_yyy09.pl,b2,yes,0
exp_cycles_indvary1_step4_batch_yyy10.pl,c1,no,0
exp_cycles_indvary1_step4_batch_yyy10.pl,e1,no,15377
exp_cycles_indvary1_step5_batch_yyy01.pl,f1,no,0
exp_cycles_indvary1_step5_batch_yyy02.pl,q3,yes,32830
exp_cycles_indvary1_step5_batch_yyy02.pl,b3,no,1
exp_cycles_indvary1_step5_batch_yyy03.pl,d2,no,0
exp_cycles_indvary1_step5_batch_yyy03.pl,a3,yes,2
exp_cycles_indvary1_step5_batch_yyy03.pl,y1,yes,1263
exp_cycles_indvary1_step5_batch_yyy05.pl,a3,yes,54
exp_cycles_indvary1_step5_batch_yyy05.pl,d1,yes,6
exp_cycles_indvary1_step5_batch_yyy06.pl,d1,yes,0
exp_cycles_indvary1_step5_batch_yyy06.pl,c2,no,2
exp_cycles_indvary1_step5_batch_yyy08.pl,a1,no,0
exp_cycles_indvary1_step5_batch_yyy09.pl,p3,no,289
exp_cycles_indvary1_step5_batch_yyy09.pl,f2,yes,0
exp_cycles_indvary1_step5_batch_yyy09.pl,d2,yes,0
exp_cycles_indvary1_step5_batch_yyy09.pl,e2,no,0
exp_cycles_indvary1_step5_batch_yyy10.pl,c3,yes,0
exp_cycles_indvary1_step5_batch_yyy10.pl,b2,yes,1
exp_cycles_indvary1_step5_batch_yyy10.pl,b3,yes,0
exp_cycles_indvary1_step5_batch_yyy10.pl,u1,yes,2
exp_cycles_indvary1_step6_batch_yyy01.pl,f2,yes,0
exp_cycles_indvary1_step6_batch_yyy01.pl,b1,yes,1
exp_cycles_indvary1_step6_batch_yyy02.pl,a2,yes,0
exp_cycles_indvary1_step6_batch_yyy02.pl,e1,no,0
exp_cycles_indvary1_step6_batch_yyy02.pl,d1,no,0
exp_cycles_indvary1_step6_batch_yyy03.pl,b1,no,1
exp_cycles_indvary1_step6_batch_yyy03.pl,a1,yes,0
exp_cycles_indvary1_step6_batch_yyy04.pl,b2,yes,0
exp_cycles_indvary1_step6_batch_yyy05.pl,u1,yes,2
exp_cycles_indvary1_step6_batch_yyy05.pl,d1,no,1
exp_cycles_indvary1_step6_batch_yyy05.pl,e1,yes,0
exp_cycles_indvary1_step6_batch_yyy06.pl,d1,yes,0
exp_cycles_indvary1_step6_batch_yyy06.pl,a1,yes,1
exp_cycles_indvary1_step6_batch_yyy07.pl,d2,no,0
exp_cycles_indvary1_step6_batch_yyy08.pl,d2,yes,0
exp_cycles_indvary1_step6_batch_yyy08.pl,b2,yes,0
exp_cycles_indvary1_step6_batch_yyy08.pl,b1,yes,0
exp_cycles_indvary1_step6_batch_yyy09.pl,a1,yes,0
exp_cycles_indvary1_step6_batch_yyy09.pl,e2,yes,0
exp_cycles_indvary1_step6_batch_yyy09.pl,b2,yes,0
exp_cycles_indvary1_step6_batch_yyy10.pl,b2,yes,0
exp_cycles_indvary1_step6_batch_yyy10.pl,e1,no,1
exp_cycles_indvary1_step6_batch_yyy10.pl,d1,yes,1
exp_cycles_indvary1_step7_batch_yyy01.pl,e1,no,0
exp_cycles_indvary1_step7_batch_yyy02.pl,w1,no,7403
exp_cycles_indvary1_step7_batch_yyy02.pl,c1,no,0
exp_cycles_indvary1_step7_batch_yyy03.pl,f2,yes,0
exp_cycles_indvary1_step7_batch_yyy03.pl,f1,yes,2
exp_cycles_indvary1_step7_batch_yyy04.pl,b3,yes,0
exp_cycles_indvary1_step7_batch_yyy04.pl,e1,yes,0
exp_cycles_indvary1_step7_batch_yyy05.pl,t6,yes,3
exp_cycles_indvary1_step7_batch_yyy05.pl,y5,yes,0
exp_cycles_indvary1_step7_batch_yyy06.pl,d1,yes,0
exp_cycles_indvary1_step7_batch_yyy06.pl,d2,no,0
exp_cycles_indvary1_step7_batch_yyy06.pl,c2,no,1
exp_cycles_indvary1_step7_batch_yyy07.pl,v2,yes,1
exp_cycles_indvary1_step7_batch_yyy07.pl,d2,no,0
exp_cycles_indvary1_step7_batch_yyy07.pl,b2,yes,0
exp_cycles_indvary1_step7_batch_yyy07.pl,c1,yes,0
exp_cycles_indvary1_step7_batch_yyy08.pl,d1,yes,3
exp_cycles_indvary1_step7_batch_yyy09.pl,c3,yes,0
exp_cycles_indvary1_step7_batch_yyy10.pl,e2,yes,0
exp_cycles_indvary1_step7_batch_yyy10.pl,c2,yes,0
exp_cycles_indvary1_step7_batch_yyy10.pl,p4,no,36
exp_cycles_indvary1_step8_batch_yyy01.pl,a2,yes,2
exp_cycles_indvary1_step8_batch_yyy01.pl,d2,yes,3
exp_cycles_indvary1_step8_batch_yyy01.pl,d1,no,0
exp_cycles_indvary1_step8_batch_yyy02.pl,b3,yes,1
exp_cycles_indvary1_step8_batch_yyy02.pl,f1,no,0
exp_cycles_indvary1_step8_batch_yyy05.pl,e2,no,1
exp_cycles_indvary1_step8_batch_yyy05.pl,t5,yes,0
exp_cycles_indvary1_step8_batch_yyy06.pl,c1,yes,4
exp_cycles_indvary1_step8_batch_yyy06.pl,b2,no,1
exp_cycles_indvary1_step8_batch_yyy06.pl,f2,yes,0
exp_cycles_indvary1_step8_batch_yyy07.pl,d1,yes,0
exp_cycles_indvary1_step8_batch_yyy07.pl,c3,yes,0
exp_cycles_indvary1_step8_batch_yyy07.pl,e1,yes,0
exp_cycles_indvary1_step8_batch_yyy08.pl,e2,yes,0
exp_cycles_indvary1_step8_batch_yyy09.pl,b1,yes,0
exp_cycles_indvary1_step8_batch_yyy10.pl,b1,yes,0
exp_cycles_indvary1_step8_batch_yyy10.pl,c3,yes,0
exp_cycles_indvary2_step1_batch_yyy01.pl,r3,yes,10
exp_cycles_indvary2_step1_batch_yyy01.pl,b3,no,31400
exp_cycles_indvary2_step1_batch_yyy02.pl,b2,yes,2584
exp_cycles_indvary2_step1_batch_yyy02.pl,e2,yes,2643
exp_cycles_indvary2_step1_batch_yyy02.pl,c1,no,26528
exp_cycles_indvary2_step1_batch_yyy03.pl,b3,no,1
exp_cycles_indvary2_step1_batch_yyy05.pl,f2,yes,1
exp_cycles_indvary2_step1_batch_yyy06.pl,c2,yes,0
exp_cycles_indvary2_step1_batch_yyy06.pl,a3,yes,1
exp_cycles_indvary2_step1_batch_yyy06.pl,a1,yes,0
exp_cycles_indvary2_step1_batch_yyy08.pl,w1,no,58535
exp_cycles_indvary2_step1_batch_yyy09.pl,a3,no,2536
exp_cycles_indvary2_step2_batch_yyy01.pl,f2,yes,18
exp_cycles_indvary2_step2_batch_yyy01.pl,z1,yes,2
exp_cycles_indvary2_step2_batch_yyy02.pl,a2,no,1
exp_cycles_indvary2_step2_batch_yyy02.pl,c3,no,0
exp_cycles_indvary2_step2_batch_yyy03.pl,d2,timeout,120000
exp_cycles_indvary2_step2_batch_yyy03.pl,e2,yes,2
exp_cycles_indvary2_step2_batch_yyy03.pl,c1,yes,0
exp_cycles_indvary2_step2_batch_yyy04.pl,d1,no,3
exp_cycles_indvary2_step2_batch_yyy04.pl,f1,no,3
exp_cycles_indvary2_step2_batch_yyy04.pl,c3,no,0
exp_cycles_indvary2_step2_batch_yyy06.pl,c1,no,1
exp_cycles_indvary2_step2_batch_yyy06.pl,p3,yes,1
exp_cycles_indvary2_step2_batch_yyy07.pl,c2,yes,0
exp_cycles_indvary2_step2_batch_yyy08.pl,c3,no,2
exp_cycles_indvary2_step2_batch_yyy08.pl,f1,timeout,120000
exp_cycles_indvary2_step2_batch_yyy10.pl,q3,timeout,120000
exp_cycles_indvary2_step2_batch_yyy10.pl,f2,yes,0
exp_cycles_indvary2_step3_batch_yyy01.pl,a2,no,4
exp_cycles_indvary2_step3_batch_yyy03.pl,c2,yes,4
exp_cycles_indvary2_step3_batch_yyy03.pl,d2,yes,0
exp_cycles_indvary2_step3_batch_yyy04.pl,a2,no,2
exp_cycles_indvary2_step3_batch_yyy04.pl,w2,yes,4
exp_cycles_indvary2_step3_batch_yyy04.pl,c3,no,2
exp_cycles_indvary2_step3_batch_yyy05.pl,f1,yes,0
exp_cycles_indvary2_step3_batch_yyy05.pl,c2,timeout,120000
exp_cycles_indvary2_step3_batch_yyy05.pl,z1,timeout,120000
exp_cycles_indvary2_step3_batch_yyy06.pl,a2,yes,5
exp_cycles_indvary2_step3_batch_yyy06.pl,a1,yes,5
exp_cycles_indvary2_step3_batch_yyy08.pl,d1,timeout,120001
exp_cycles_indvary2_step4_batch_yyy01.pl,b1,timeout,120000
exp_cycles_indvary2_step4_batch_yyy03.pl,b1,yes,1
exp_cycles_indvary2_step4_batch_yyy03.pl,f1,no,2
exp_cycles_indvary2_step4_batch_yyy04.pl,s2,timeout,120000
exp_cycles_indvary2_step4_batch_yyy05.pl,b1,no,3
exp_cycles_indvary2_step4_batch_yyy05.pl,c1,no,1
exp_cycles_indvary2_step4_batch_yyy06.pl,e1,no,1
exp_cycles_indvary2_step4_batch_yyy06.pl,c3,yes,4
exp_cycles_indvary2_step4_batch_yyy08.pl,c3,timeout,120000
exp_cycles_indvary2_step4_batch_yyy08.pl,q1,timeout,120000
exp_cycles_indvary2_step4_batch_yyy09.pl,a3,timeout,120000
exp_cycles_indvary2_step4_batch_yyy10.pl,d1,no,3
exp_cycles_indvary2_step4_batch_yyy10.pl,e1,yes,1
exp_cycles_indvary2_step5_batch_yyy01.pl,p3,timeout,120000
exp_cycles_indvary2_step5_batch_yyy01.pl,e2,yes,0
exp_cycles_indvary2_step5_batch_yyy01.pl,a1,no,4
exp_cycles_indvary2_step5_batch_yyy01.pl,y1,timeout,120001
exp_cycles_indvary2_step5_batch_yyy02.pl,c2,timeout,120000
exp_cycles_indvary2_step5_batch_yyy02.pl,y2,timeout,120000
exp_cycles_indvary2_step5_batch_yyy02.pl,d2,no,16
exp_cycles_indvary2_step5_batch_yyy02.pl,d1,timeout,120000
exp_cycles_indvary2_step5_batch_yyy03.pl,p2,timeout,120000
exp_cycles_indvary2_step5_batch_yyy04.pl,z1,timeout,120000
exp_cycles_indvary2_step5_batch_yyy04.pl,b1,timeout,120001
exp_cycles_indvary2_step5_batch_yyy05.pl,r2,yes,14
exp_cycles_indvary2_step5_batch_yyy05.pl,b3,no,7
exp_cycles_indvary2_step5_batch_yyy05.pl,c3,no,7
exp_cycles_indvary2_step5_batch_yyy06.pl,e1,no,7
exp_cycles_indvary2_step5_batch_yyy07.pl,b3,yes,0
exp_cycles_indvary2_step5_batch_yyy07.pl,b1,no,1
exp_cycles_indvary2_step5_batch_yyy08.pl,e2,yes,0
exp_cycles_indvary2_step5_batch_yyy08.pl,s1,yes,7
exp_cycles_indvary2_step5_batch_yyy08.pl,v1,timeout,120000
exp_cycles_indvary2_step5_batch_yyy10.pl,b3,no,9
exp_cycles_indvary2_step5_batch_yyy10.pl,b1,no,9
exp_cycles_indvary2_step6_batch_yyy02.pl,b1,no,12
exp_cycles_indvary2_step6_batch_yyy03.pl,b1,no,4
exp_cycles_indvary2_step6_batch_yyy03.pl,u1,timeout,120000
exp_cycles_indvary2_step6_batch_yyy04.pl,f1,timeout,120000
exp_cycles_indvary2_step6_batch_yyy06.pl,f1,no,2
exp_cycles_indvary2_step6_batch_yyy06.pl,u1,timeout,120002
exp_cycles_indvary2_step6_batch_yyy07.pl,s1,timeout,120002
exp_cycles_indvary2_step6_batch_yyy08.pl,b3,no,3
exp_cycles_indvary2_step6_batch_yyy08.pl,d1,no,5
exp_cycles_indvary2_step6_batch_yyy10.pl,f2,yes,0
exp_cycles_indvary2_step6_batch_yyy10.pl,b2,yes,2
exp_cycles_indvary2_step6_batch_yyy10.pl,e1,no,5
exp_cycles_indvary2_step7_batch_yyy01.pl,c2,no,1
exp_cycles_indvary2_step7_batch_yyy01.pl,d2,no,12
exp_cycles_indvary2_step7_batch_yyy01.pl,y2,timeout,120000
exp_cycles_indvary2_step7_batch_yyy02.pl,a3,no,2
exp_cycles_indvary2_step7_batch_yyy02.pl,s1,timeout,120001
exp_cycles_indvary2_step7_batch_yyy03.pl,c2,timeout,120000
exp_cycles_indvary2_step7_batch_yyy03.pl,p2,timeout,120002
exp_cycles_indvary2_step7_batch_yyy04.pl,r1,yes,14
exp_cycles_indvary2_step7_batch_yyy04.pl,c2,no,8
exp_cycles_indvary2_step7_batch_yyy05.pl,e2,no,4
exp_cycles_indvary2_step7_batch_yyy05.pl,b3,yes,1
exp_cycles_indvary2_step7_batch_yyy05.pl,f2,timeout,120005
exp_cycles_indvary2_step7_batch_yyy06.pl,c2,no,5
exp_cycles_indvary2_step7_batch_yyy06.pl,w1,timeout,120001
exp_cycles_indvary2_step7_batch_yyy07.pl,q2,timeout,120000
exp_cycles_indvary2_step7_batch_yyy07.pl,b3,no,15
exp_cycles_indvary2_step7_batch_yyy07.pl,b1,timeout,120000
exp_cycles_indvary2_step7_batch_yyy08.pl,w2,timeout,120000
exp_cycles_indvary2_step7_batch_yyy08.pl,f1,yes,1
exp_cycles_indvary2_step7_batch_yyy08.pl,z2,timeout,120000
exp_cycles_indvary2_step7_batch_yyy10.pl,d1,no,4
exp_cycles_indvary2_step8_batch_yyy01.pl,b1,no,13
exp_cycles_indvary2_step8_batch_yyy01.pl,d1,no,8
exp_cycles_indvary2_step8_batch_yyy01.pl,r1,timeout,120000
exp_cycles_indvary2_step8_batch_yyy02.pl,c3,no,9
exp_cycles_indvary2_step8_batch_yyy02.pl,z2,yes,18
exp_cycles_indvary2_step8_batch_yyy03.pl,a2,no,13
exp_cycles_indvary2_step8_batch_yyy04.pl,d1,no,3
exp_cycles_indvary2_step8_batch_yyy05.pl,q1,timeout,120000
exp_cycles_indvary2_step8_batch_yyy05.pl,d2,timeout,120001
exp_cycles_indvary2_step8_batch_yyy07.pl,e1,no,17
exp_cycles_indvary2_step8_batch_yyy08.pl,q3,timeout,120000
exp_cycles_indvary2_step8_batch_yyy09.pl,d1,no,14
exp_cycles_indvary2_step8_batch_yyy10.pl,f2,no,2
exp_cycles_indvary2_step8_batch_yyy10.pl,c3,yes,0
exp_cycles_indvary3_step1_batch_yyy01.pl,d1,yes,0
exp_cycles_indvary3_step1_batch_yyy03.pl,c2,yes,0
exp_cycles_indvary3_step1_batch_yyy03.pl,e2,yes,2
exp_cycles_indvary3_step1_batch_yyy04.pl,a1,no,1
exp_cycles_indvary3_step1_batch_yyy04.pl,b1,yes,14
exp_cycles_indvary3_step1_batch_yyy04.pl,a3,yes,5
exp_cycles_indvary3_step1_batch_yyy04.pl,q4,yes,112
exp_cycles_indvary3_step1_batch_yyy04.pl,c1,no,0
exp_cycles_indvary3_step1_batch_yyy05.pl,y2,yes,9
exp_cycles_indvary3_step1_batch_yyy05.pl,c2,no,1
exp_cycles_indvary3_step1_batch_yyy06.pl,c1,yes,0
exp_cycles_indvary3_step1_batch_yyy06.pl,f2,yes,0
exp_cycles_indvary3_step1_batch_yyy06.pl,b3,no,0
exp_cycles_indvary3_step1_batch_yyy08.pl,u2,yes,26
exp_cycles_indvary3_step1_batch_yyy08.pl,b3,yes,0
exp_cycles_indvary3_step1_batch_yyy08.pl,t1,yes,1
exp_cycles_indvary3_step1_batch_yyy09.pl,r2,yes,4
exp_cycles_indvary3_step1_batch_yyy10.pl,s2,yes,2
exp_cycles_indvary3_step1_batch_yyy10.pl,d2,yes,0
exp_cycles_indvary3_step2_batch_yyy01.pl,q2,yes,35
exp_cycles_indvary3_step2_batch_yyy01.pl,e1,yes,0
exp_cycles_indvary3_step2_batch_yyy01.pl,f2,no,0
exp_cycles_indvary3_step2_batch_yyy02.pl,a2,yes,5838
exp_cycles_indvary3_step2_batch_yyy02.pl,a3,yes,2879
exp_cycles_indvary3_step2_batch_yyy03.pl,t2,no,3660
exp_cycles_indvary3_step2_batch_yyy03.pl,c3,yes,0
exp_cycles_indvary3_step2_batch_yyy04.pl,e2,yes,0
exp_cycles_indvary3_step2_batch_yyy04.pl,f2,yes,4
exp_cycles_indvary3_step2_batch_yyy05.pl,a1,yes,0
exp_cycles_indvary3_step2_batch_yyy05.pl,c1,yes,0
exp_cycles_indvary3_step2_batch_yyy06.pl,w1,no,394
exp_cycles_indvary3_step2_batch_yyy08.pl,b1,yes,279
exp_cycles_indvary3_step2_batch_yyy08.pl,e2,yes,1
exp_cycles_indvary3_step2_batch_yyy09.pl,e2,yes,88
exp_cycles_indvary3_step2_batch_yyy09.pl,c1,yes,5860
exp_cycles_indvary3_step2_batch_yyy10.pl,c2,yes,1
exp_cycles_indvary3_step2_batch_yyy10.pl,e1,yes,0
exp_cycles_indvary3_step3_batch_yyy01.pl,a2,no,0
exp_cycles_indvary3_step3_batch_yyy01.pl,c1,no,82
exp_cycles_indvary3_step3_batch_yyy01.pl,d2,yes,1
exp_cycles_indvary3_step3_batch_yyy02.pl,e2,yes,0
exp_cycles_indvary3_step3_batch_yyy03.pl,t1,no,55
exp_cycles_indvary3_step3_batch_yyy04.pl,c3,yes,213
exp_cycles_indvary3_step3_batch_yyy05.pl,c2,no,305
exp_cycles_indvary3_step3_batch_yyy06.pl,e2,yes,0
exp_cycles_indvary3_step3_batch_yyy06.pl,f1,yes,0
exp_cycles_indvary3_step3_batch_yyy07.pl,u2,no,1445
exp_cycles_indvary3_step3_batch_yyy07.pl,b1,yes,0
exp_cycles_indvary3_step3_batch_yyy08.pl,e2,yes,1
exp_cycles_indvary3_step3_batch_yyy09.pl,t2,no,1
exp_cycles_indvary3_step3_batch_yyy09.pl,e1,yes,37
exp_cycles_indvary3_step3_batch_yyy09.pl,f1,yes,5
exp_cycles_indvary3_step3_batch_yyy09.pl,a2,no,216
exp_cycles_indvary3_step3_batch_yyy10.pl,d2,yes,40
exp_cycles_indvary3_step3_batch_yyy10.pl,d1,yes,73
exp_cycles_indvary3_step4_batch_yyy01.pl,b2,no,48
exp_cycles_indvary3_step4_batch_yyy02.pl,e1,no,1
exp_cycles_indvary3_step4_batch_yyy03.pl,b1,yes,2
exp_cycles_indvary3_step4_batch_yyy04.pl,e2,yes,6
exp_cycles_indvary3_step4_batch_yyy05.pl,f1,yes,4
exp_cycles_indvary3_step4_batch_yyy05.pl,e1,yes,31
exp_cycles_indvary3_step4_batch_yyy07.pl,f2,no,454
exp_cycles_indvary3_step4_batch_yyy08.pl,a1,yes,4
exp_cycles_indvary3_step4_batch_yyy10.pl,a2,no,0
exp_cycles_indvary3_step4_batch_yyy10.pl,c1,yes,1
exp_cycles_indvary3_step4_batch_yyy10.pl,d1,yes,0
exp_cycles_indvary3_step5_batch_yyy01.pl,c1,yes,0
exp_cycles_indvary3_step5_batch_yyy02.pl,f2,yes,4
exp_cycles_indvary3_step5_batch_yyy02.pl,c2,yes,42
exp_cycles_indvary3_step5_batch_yyy02.pl,e1,yes,3
exp_cycles_indvary3_step5_batch_yyy03.pl,a3,yes,0
exp_cycles_indvary3_step5_batch_yyy04.pl,f2,no,0
exp_cycles_indvary3_step5_batch_yyy04.pl,c3,no,12
exp_cycles_indvary3_step5_batch_yyy04.pl,c2,yes,4
exp_cycles_indvary3_step5_batch_yyy05.pl,c2,yes,0
exp_cycles_indvary3_step5_batch_yyy05.pl,a2,yes,0
exp_cycles_indvary3_step5_batch_yyy05.pl,e1,yes,6
exp_cycles_indvary3_step5_batch_yyy06.pl,c3,no,0
exp_cycles_indvary3_step5_batch_yyy06.pl,d1,yes,0
exp_cycles_indvary3_step5_batch_yyy07.pl,c2,yes,0
exp_cycles_indvary3_step5_batch_yyy08.pl,d2,no,64
exp_cycles_indvary3_step5_batch_yyy08.pl,b2,yes,1
exp_cycles_indvary3_step5_batch_yyy10.pl,c1,yes,16
exp_cycles_indvary3_step5_batch_yyy10.pl,a3,no,89
exp_cycles_indvary3_step6_batch_yyy01.pl,e1,yes,0
exp_cycles_indvary3_step6_batch_yyy03.pl,b3,no,0
exp_cycles_indvary3_step6_batch_yyy03.pl,e1,yes,10
exp_cycles_indvary3_step6_batch_yyy06.pl,b1,yes,8
exp_cycles_indvary3_step6_batch_yyy07.pl,c2,yes,11
exp_cycles_indvary3_step6_batch_yyy08.pl,b3,yes,0
exp_cycles_indvary3_step6_batch_yyy08.pl,a3,yes,149
exp_cycles_indvary3_step7_batch_yyy01.pl,e1,yes,0
exp_cycles_indvary3_step7_batch_yyy01.pl,b1,yes,0
exp_cycles_indvary3_step7_batch_yyy03.pl,b3,yes,3
exp_cycles_indvary3_step7_batch_yyy03.pl,c2,no,1
exp_cycles_indvary3_step7_batch_yyy04.pl,a3,yes,34
exp_cycles_indvary3_step7_batch_yyy04.pl,c2,yes,14
exp_cycles_indvary3_step7_batch_yyy06.pl,b3,no,21
exp_cycles_indvary3_step7_batch_yyy07.pl,f1,yes,0
exp_cycles_indvary3_step7_batch_yyy08.pl,c1,yes,0
exp_cycles_indvary3_step7_batch_yyy08.pl,a2,no,43
exp_cycles_indvary3_step7_batch_yyy10.pl,d1,yes,8
exp_cycles_indvary3_step7_batch_yyy10.pl,b1,no,10
exp_cycles_indvary3_step8_batch_yyy01.pl,c2,yes,142
exp_cycles_indvary3_step8_batch_yyy02.pl,d2,yes,0
exp_cycles_indvary3_step8_batch_yyy02.pl,b2,yes,71
exp_cycles_indvary3_step8_batch_yyy04.pl,d2,no,0
exp_cycles_indvary3_step8_batch_yyy05.pl,a2,yes,96
exp_cycles_indvary3_step8_batch_yyy07.pl,e1,yes,143
exp_cycles_indvary3_step8_batch_yyy07.pl,c3,no,0
exp_cycles_indvary3_step8_batch_yyy08.pl,c2,no,0
exp_cycles_indvary3_step8_batch_yyy08.pl,c3,no,11
exp_cycles_indvary3_step8_batch_yyy09.pl,e1,no,11
exp_cycles_indvary3_step8_batch_yyy10.pl,b2,yes,29
exp_cycles_indvary3_step8_batch_yyy10.pl,d2,yes,0
exp_cycles_indvary3_step8_batch_yyy10.pl,c1,yes,11